Date,Well-Milled High_train_residual
2020-01-01,43.53264853060552
2020-01-02,24.336100415110227
2020-01-03,19.12396378564058
2020-01-04,7.60777037107961
2020-01-05,7.866329124904098
2020-01-06,7.957760640899522
2020-01-07,7.990355956081487
2020-01-08,-35.530636330275115
2020-01-09,6.986677107079231e-06
2020-01-10,-4.999995198364495
2020-01-11,4.409691952057294
2020-01-12,1.9819505183704678e-06
2020-01-13,6.9314680217758e-07
2020-01-14,-2.7801304227637047e-06
2020-01-15,-1.2432329803857556e-05
2020-01-16,3.3996701631622273e-06
2020-01-17,-2.486690348795001
2020-01-18,2.193109836243096
2020-01-19,1.0040818594347911e-06
2020-01-20,3.512798159022168e-07
2020-01-21,-1.3801975953242618e-06
2020-01-22,-6.181852690190226e-06
2020-01-23,2.2301295246052177e-06
2020-01-24,-1.6431537278441652
2020-01-25,3.4491617826766188
2020-01-26,0.2361247176128103
2020-01-27,0.2361242751963033
2020-01-28,0.23612312738643482
2020-01-29,0.23611995439836164
2020-01-30,0.23612568453641813
2020-01-31,-0.9810957895234935
2020-02-01,0.7985057524139094
2020-02-02,0.17577924009742674
2020-02-03,0.17577891187058725
2020-02-04,0.17577806149898123
2020-02-05,0.175775711002494
2020-02-06,0.18679954183066627
2020-02-07,-0.7717027473325118
2020-02-08,-1.3776560641959605
2020-02-09,-0.09770649537043141
2020-02-10,-0.0977067513589489
2020-02-11,1.9022925798578
2020-02-12,0.13841477080657683
2020-02-13,0.1527073331362061
2020-02-14,-2.630861670782224
2020-02-15,1.6376516399686238
2020-02-16,0.5381876344234726
2020-02-17,0.597218436916819
2020-02-18,-0.20876491194041336
2020-02-19,0.11315312019880963
2020-02-20,0.12798027938280399
2020-02-21,-0.20486084112844338
2020-02-22,-1.391400164375824
2020-02-23,0.8329798799737773
2020-02-24,0.9414831621011146
2020-02-25,-0.17496076698132157
2020-02-26,0.09483086413996489
2020-02-27,0.10913976554157756
2020-02-28,-0.17470241917828133
2020-02-29,0.8134336857147844
2020-03-01,0.019501124355059574
2020-03-02,-0.07043318075167093
2020-03-03,-0.14058273769696683
2020-03-04,0.08949173663430798
2020-03-05,0.10287656861342498
2020-03-06,-0.14225512146439456
2020-03-07,3.7111186433983434
2020-03-08,0.3066252628068895
2020-03-09,0.29335857313449054
2020-03-10,-4.767223963616793
2020-03-11,-0.15883721580564014
2020-03-12,-0.14643868126658788
2020-03-13,-0.36013867302443003
2020-03-14,-0.0008588249850092211
2020-03-15,-0.323001455709516
2020-03-16,-0.33456704340889587
2020-03-17,-0.24626286525573704
2020-03-18,-0.6975015263525393
2020-03-19,0.7533619415371788
2020-03-20,-0.31620883478974093
2020-03-21,-0.0007540654842017602
2020-03-22,-0.28360162839444314
2020-03-23,-0.29375644191568284
2020-03-24,1.2837763622542937
2020-03-25,1.0646729734710547
2020-03-26,-1.980701332969609
2020-03-27,-0.27916791927020057
2020-03-28,-0.0006657341268549999
2020-03-29,-0.25038034231673123
2020-03-30,-0.259345613580237
2020-03-31,0.13339393372567798
2020-04-01,0.989848880805674
2020-04-02,0.14558265243232427
2020-04-03,-0.10963254945072975
2020-04-04,0.13730078476214658
2020-04-05,-0.08410810926117307
2020-04-06,-0.09205714665193199
2020-04-07,0.25616448738364284
2020-04-08,-0.15241609972133574
2020-04-09,0.12951557234732292
2020-04-10,-0.09753306556019936
2020-04-11,0.1221477244876894
2020-04-12,-0.0748256040597397
2020-04-13,-0.081897354074556
2020-04-14,0.20748499322575498
2020-04-15,-0.15841244543276645
2020-04-16,0.09030182942743892
2020-04-17,-0.11463666742923806
2020-04-18,0.07891079665933631
2020-04-19,-0.09920030132984436
2020-04-20,-0.10791778367446625
2020-04-21,0.16821214939072604
2020-04-22,-0.15817107799990282
2020-04-23,0.06385464664811735
2020-04-24,-0.11933952115827395
2020-04-25,0.0536722221442858
2020-04-26,-0.10554098022576142
2020-04-27,-0.11333352260501783
2020-04-28,0.13349854685687035
2020-04-29,-0.15825485548892715
2020-04-30,0.04031019689886506
2020-05-01,0.08804462549414893
2020-05-02,0.056194566783915434
2020-05-03,-0.08636680155095888
2020-05-04,-0.09334433537075881
2020-05-05,0.12767199394542672
2020-05-06,-0.13356742359518847
2020-05-07,0.044279032754310776
2020-05-08,-0.12468963365387964
2020-05-09,0.03351955235602588
2020-05-10,-0.09430479173413886
2020-05-11,-0.10056103557982254
2020-05-12,0.09760812944090702
2020-05-13,-0.13662613464059348
2020-05-14,0.02287906629668157
2020-05-15,-0.12878800606458896
2020-05-16,0.013221305906554903
2020-05-17,-0.10151442857348769
2020-05-18,-0.10713006257068969
2020-05-19,0.07074751514071664
2020-05-20,-0.13950226569377833
2020-05-21,0.0036883976774078064
2020-05-22,-0.13256828576066226
2020-05-23,-0.004988069671966855
2020-05-24,-0.108065886158343
2020-05-25,-0.11311093418110119
2020-05-26,0.046693091957862976
2020-05-27,-0.14219390496328543
2020-05-28,-0.013550021398955892
2020-05-29,-0.1360489008338135
2020-05-30,-0.02135042796825104
2020-05-31,-0.11402050253177265
2020-06-01,0.05670064773492811
2020-06-02,0.0662118341392599
2020-06-03,-0.1011938599763269
2020-06-04,0.016863331445229335
2020-06-05,-0.09092053624749497
2020-06-06,0.014665369880511037
2020-06-07,-0.06628613527444571
2020-06-08,-0.08556209156289185
2020-06-09,0.059560547096793925
2020-06-10,-0.09102846557015454
2020-06-11,0.015176363325451803
2020-06-12,-0.08182505910015436
2020-06-13,0.013198280677180207
2020-06-14,-0.05965502581118898
2020-06-15,-0.07700266065219097
2020-06-16,0.053602249686640846
2020-06-17,-0.08192219142945589
2020-06-18,0.013663283181827524
2020-06-19,-0.07366711840469264
2020-06-20,0.011882414944253128
2020-06-21,-0.05370743264187183
2020-06-22,-0.06932551203993853
2020-06-23,0.0482581169805556
2020-06-24,-0.07375456666387237
2020-06-25,0.012304799733612981
2020-06-26,-0.06634270306677337
2020-06-27,0.010700995820457138
2020-06-28,-0.04836752588551718
2020-06-29,-0.0624327645748366
2020-06-30,0.043460013021459076
2020-07-01,0.02850931051014527
2020-07-02,0.022291837017505145
2020-07-03,-0.04855354937230061
2020-07-04,0.020847136246153752
2020-07-05,-0.03236157470745127
2020-07-06,-0.045031490903859606
2020-07-07,0.05035634059329652
2020-07-08,-0.058041965435549514
2020-07-09,0.020084426833506086
2020-07-10,-0.04374561904133856
2020-07-11,0.018782785029529236
2020-07-12,-0.029157026356749327
2020-07-13,-0.04057232625476104
2020-07-14,0.045369892012445234
2020-07-15,-0.05229446129531112
2020-07-16,0.018098542619597424
2020-07-17,-0.03942019143585895
2020-07-18,0.016925603014833257
2020-07-19,-0.026274072373240642
2020-07-20,-0.036560663742349675
2020-07-21,0.040883861463242965
2020-07-22,-0.047123751372183165
2020-07-23,0.016311168653906805
2020-07-24,-0.03552713632277715
2020-07-25,1.6819207327614834
2020-07-26,1.839757395046469
2020-07-27,2.0272567144587654
2020-07-28,-4.372843656591357
2020-07-29,-0.04246990893951619
2020-07-30,0.014701887712227801
2020-07-31,-0.032021983189444825
2020-08-01,-0.026546169748101534
2020-08-02,-0.19053589253240233
2020-08-03,-0.2183055266365983
2020-08-04,0.48293290190578375
2020-08-05,-0.023623526466636235
2020-08-06,0.02790878088626414
2020-08-07,-0.014208919937139797
2020-08-08,-0.13341316158265215
2020-08-09,-0.17175233051061412
2020-08-10,-0.19678435629259639
2020-08-11,0.43532402362320965
2020-08-12,-0.021294653049871215
2020-08-13,0.02515923514088314
2020-08-14,-0.012809071069199263
2020-08-15,-0.12026942763666426
2020-08-16,-0.154831459210385
2020-08-17,-0.17739735433928416
2020-08-18,0.3924363273910316
2020-08-19,-0.019196724696300294
2020-08-20,0.02268187609908523
2020-08-21,-0.01154779790916649
2020-08-22,-0.10842683575005907
2020-08-23,-0.13958564139360874
2020-08-24,-0.1599295363682316
2020-08-25,0.35379422724601284
2020-08-26,-0.0173064772678444
2020-08-27,0.020449411263122386
2020-08-28,-0.010411205299313053
2020-08-29,-0.09775491879781129
2020-08-30,-0.125846917373849
2020-08-31,-0.1441884634255146
2020-09-01,0.5526477467096598
2020-09-02,0.011985142269324456
2020-09-03,0.04602560585357196
2020-09-04,0.018201390171263654
2020-09-05,-0.06054850511841181
2020-09-06,-0.08587650936405566
2020-09-07,-0.10241341594905151
2020-09-08,0.29218478440985507
2020-09-09,0.01080591448445034
2020-09-10,0.041498390878594194
2020-09-11,0.016411047499495623
2020-09-12,-0.054592774737585614
2020-09-13,-0.07742944143355857
2020-09-14,-0.0923397288840917
2020-09-15,0.2634446232124219
2020-09-16,0.009743012716292299
2020-09-17,0.03741742545196303
2020-09-18,0.014797179683291972
2020-09-19,-0.049224103289688514
2020-09-20,-0.06981500466142165
2020-09-21,-0.08325900953291665
2020-09-22,2.2375373921993855
2020-09-23,-1.7550910839565148
2020-09-24,0.03373847204523628
2020-09-25,0.013342292449664228
2020-09-26,-0.04438429455592541
2020-09-27,-0.06295065880758699
2020-09-28,-0.07507282320028708
2020-09-29,0.017538402091403782
2020-09-30,1.1813488206183536
2020-10-01,0.34564766354539245
2020-10-02,0.1533702372388248
2020-10-03,0.10131857590571514
2020-10-04,0.0845774146083329
2020-10-05,0.07364694342869882
2020-10-06,-0.8428461599288681
2020-10-07,0.08849156921453272
2020-10-08,1.019723944248696
2020-10-09,0.13829474005589049
2020-10-10,-0.2419738468388175
2020-10-11,-0.296423444726571
2020-10-12,-0.34563351313440194
2020-10-13,0.12193921972636446
2020-10-14,0.07979330789275707
2020-10-15,-0.08049953386948516
2020-10-16,0.006640436499210978
2020-10-17,-0.002920152465257786
2020-10-18,-0.012664170682846532
2020-10-19,-0.017683626114084916
2020-10-20,0.10995443424707929
2020-10-21,0.071950829649019
2020-10-22,-0.07258829164258174
2020-10-23,0.005987835184441792
2020-10-24,-0.0026331690209957515
2020-10-25,-0.011419575626696599
2020-10-26,-0.01594573468887006
2020-10-27,0.09914845660433258
2020-10-28,0.06487972731577685
2020-10-29,-0.06545501619542193
2020-10-30,5.005399408638802
2020-10-31,-0.662064320623621
2020-11-01,-0.75914587197218
2020-11-02,-0.9623266419086818
2020-11-03,-1.0061203163925185
2020-11-04,0.06540103218804205
2020-11-05,-0.05212602095829055
2020-11-06,-0.4795591771794179
2020-11-07,0.06958041025979611
2020-11-08,0.07119716674045407
2020-11-09,0.0870813560296142
2020-11-10,0.19516858908345824
2020-11-11,0.05897439884456901
2020-11-12,-0.04700408214178964
2020-11-13,-0.43243736125482
2020-11-14,0.06274339109659621
2020-11-15,0.06420128396908353
2020-11-16,0.07852468184942296
2020-11-17,0.17599118874026942
2020-11-18,0.053179533687561786
2020-11-19,-0.04238559381481366
2020-11-20,-0.38994728775170984
2020-11-21,0.05657840273430281
2020-11-22,0.05789304717170296
2020-11-23,0.07080906843923884
2020-11-24,0.15869879170096368
2020-11-25,0.047954262937018655
2020-11-26,-0.038221026268509206
2020-11-27,-0.3516332835532978
2020-11-28,0.05101933044937823
2020-11-29,0.05220480539631467
2020-11-30,0.06385177182335866
2020-12-01,0.05547754989406428
2020-12-02,0.03289696388422669
2020-12-03,-0.04481132003235189
2020-12-04,-0.32743019874209267
2020-12-05,0.03566099387704469
2020-12-06,0.03672999354910189
2020-12-07,0.0472326223247137
2020-12-08,0.12730958489233046
2020-12-09,0.02966477165405479
2020-12-10,0.9595913967214784
2020-12-11,-0.17719813119035166
2020-12-12,-0.1831140185333382
2020-12-13,-0.2215040539214712
2020-12-14,-0.25138731522558544
2020-12-15,0.1148014052195947
2020-12-16,0.026750204819890655
2020-12-17,-0.13468708078630698
2020-12-18,-0.277850686319141
2020-12-19,0.05014798711205515
2020-12-20,0.05488372333645941
2020-12-21,0.06729045530019562
2020-12-22,0.10352233192151061
2020-12-23,0.024122035588661106
2020-12-24,-0.12145443673789202
2020-12-25,-0.2505526024256426
2020-12-26,0.04522108202711195
2020-12-27,0.049491544883096594
2020-12-28,0.060679348743832406
2020-12-29,0.09335154077076879
2020-12-30,0.02175211036048097
2020-12-31,-0.10952198787104805
2021-01-01,-0.350076970672454
2021-01-02,0.026122031647311417
2021-01-03,0.02997293733408668
2021-01-04,0.040061580875253355
2021-01-05,0.06952385096601432
2021-01-06,0.00495879958060641
2021-01-07,-0.11341819489854998
2021-01-08,-0.20619950575233048
2021-01-09,0.02355566031173595
2021-01-10,0.027028231950694703
2021-01-11,0.036125711942709415
2021-01-12,1.0626934473945724
2021-01-13,0.12253363717481847
2021-01-14,-0.9842134297950764
2021-01-15,-0.18594147649771742
2021-01-16,0.021241439169600085
2021-01-17,0.024372848701553096
2021-01-18,0.03257654858900594
2021-01-19,-0.04171065807358332
2021-01-20,-0.0075666727343062234
2021-01-21,-0.0055821330055820795
2021-01-22,-0.1676737948887137
2021-01-23,0.6858212564954016
2021-01-24,0.7673530345017596
2021-01-25,0.853458779482537
2021-01-26,-0.8014887911940676
2021-01-27,0.11123872658296108
2021-01-28,0.11302829420648663
2021-01-29,-0.0331388653338891
2021-01-30,0.06983891419282173
2021-01-31,0.06465268826978843
2021-02-01,-0.024037335130152826
2021-02-02,0.14884491795137222
2021-02-03,0.08996462459715815
2021-02-04,0.09157841912097808
2021-02-05,-0.04022877466542951
2021-02-06,0.05263211272167467
2021-02-07,0.04795539951601313
2021-02-08,0.05560699033947003
2021-02-09,0.13422187997791468
2021-02-10,0.0811261896686517
2021-02-11,0.08258146636183028
2021-02-12,-0.03627657294915565
2021-02-13,0.047461367951058264
2021-02-14,0.04324410980242277
2021-02-15,0.050143984208062875
2021-02-16,0.12103549911442713
2021-02-17,0.07315609690024161
2021-02-18,0.07446842235169981
2021-02-19,-0.03271265666334244
2021-02-20,0.0427986247965535
2021-02-21,0.03899568238325912
2021-02-22,0.04521769301167211
2021-02-23,0.10914461881931459
2021-02-24,0.06596902866436949
2021-02-25,0.06715244190586134
2021-02-26,-0.029498876259211215
2021-02-27,0.038593971438366736
2021-02-28,0.03516464043583767
2021-03-01,-0.01764354986474359
2021-03-02,0.09152489732374391
2021-03-03,0.05259099462953998
2021-03-04,0.05365815674333163
2021-03-05,-0.033497888199697456
2021-03-06,0.027905343612339095
2021-03-07,0.02481291887716708
2021-03-08,0.035611674217882694
2021-03-09,0.082533256824604
2021-03-10,0.047424320521962215
2021-03-11,0.048386648787968056
2021-03-12,1.9697930258914695
2021-03-13,0.2612878891186625
2021-03-14,0.2584992717183212
2021-03-15,0.2682371310435627
2021-03-16,0.3105490231390604
2021-03-17,0.27888927421549425
2021-03-18,0.2797570660646258
2021-03-19,0.01240000352441939
2021-03-20,0.23561835805276843
2021-03-21,0.23310370092372068
2021-03-22,0.2418848902582198
2021-03-23,0.2800399634813715
2021-03-24,-0.7485094579361018
2021-03-25,-0.8657889134157131
2021-03-26,-0.22494223506377153
2021-03-27,-0.023653352853202136
2021-03-28,-0.025920964419995585
2021-03-29,-0.01800245884120244
2021-03-30,0.016404174322886433
2021-03-31,0.08890175736030415
2021-04-01,0.5843681889470389
2021-04-02,0.45419967562541785
2021-04-03,0.7065507103398616
2021-04-04,0.7753430841884423
2021-04-05,0.8533208688680318
2021-04-06,0.3551845298376719
2021-04-07,-2.5794402074457494
2021-04-08,3.0300023722805847
2021-04-09,0.09292697789557991
2021-04-10,0.24964930166895272
2021-04-11,0.24084615655414865
2021-04-12,0.2403260280377566
2021-04-13,0.32029044865480927
2021-04-14,-0.32603053319545694
2021-04-15,-0.03154731140530487
2021-04-16,-2.0342643783690235
2021-04-17,0.5376038514980195
2021-04-18,0.6083735570865514
2021-04-19,0.6866125385416666
2021-04-20,-1.829237566589775
2021-04-21,0.3518133310578264
2021-04-22,-1.264572073668596
2021-04-23,-0.18860015339217284
2021-04-24,-0.29994012990611196
2021-04-25,-0.3148309958284159
2021-04-26,-0.32298638276110836
2021-04-27,-0.003715593267095585
2021-04-28,0.19918845552667364
2021-04-29,3.7416000075425657
2021-04-30,-3.6978236270145075
2021-05-01,-0.38731127693697687
2021-05-02,-0.29769548126229495
2021-05-03,-0.3050496666155098
2021-05-04,-0.01714468023225635
2021-05-05,0.16582566759586825
2021-05-06,-0.6397763086973072
2021-05-07,0.17941571340951867
2021-05-08,-0.2462172962567024
2021-05-09,-0.26844928704378646
2021-05-10,-0.27508098264926417
2021-05-11,-0.015460352859328452
2021-05-12,0.14953462528525563
2021-05-13,1.423076571357747
2021-05-14,0.397913596042649
2021-05-15,-0.31923772483067125
2021-05-16,-0.37863960694864573
2021-05-17,-0.42397379749747444
2021-05-18,-0.8958794802544787
2021-05-19,0.13484405025243973
2021-05-20,-0.716729240527556
2021-05-21,0.12269775556784879
2021-05-22,0.8093341094718127
2021-05-23,0.9131840067921928
2021-05-24,1.0297195582841994
2021-05-25,0.42825749779972
2021-05-26,0.4757827599316755
2021-05-27,-3.2921303229413184
2021-05-28,0.11064369089347537
2021-05-29,-0.2701764378368736
2021-05-30,-0.2945909723656115
2021-05-31,-0.30756611590915384
2021-06-01,-0.0337226985659953
2021-06-02,0.06709570103789275
2021-06-03,-0.330650352778342
2021-06-04,0.09201465272435172
2021-06-05,-0.25139297454673226
2021-06-06,-0.27340897827372856
2021-06-07,-0.2851094187747236
2021-06-08,0.027552395250182826
2021-06-09,0.06050409039651328
2021-06-10,-0.2981666294324299
2021-06-11,0.08297495717359027
2021-06-12,-0.22669564769477546
2021-06-13,-0.2465487570887035
2021-06-14,-0.25709972392646563
2021-06-15,0.024845595220170935
2021-06-16,0.05456005278330167
2021-06-17,-0.26887417134189917
2021-06-18,0.07482333920012252
2021-06-19,-0.20442463510008935
2021-06-20,-0.22232733717984132
2021-06-21,-0.23184175692144038
2021-06-22,0.022404716580915363
2021-06-23,0.04919996918637537
2021-06-24,-0.2424594617289415
2021-06-25,0.06747255214839498
2021-06-26,-0.18434157041984633
2021-06-27,-0.2004854770215445
2021-06-28,-0.20906518208468583
2021-06-29,0.020203634641760004
2021-06-30,0.04436647070439648
2021-07-01,-0.1821279509839968
2021-07-02,0.06515458142449404
2021-07-03,-0.16192084432891107
2021-07-04,-0.1764787429388761
2021-07-05,-0.18421556151037066
2021-07-06,1.022529451990728
2021-07-07,-0.8376194975709268
2021-07-08,-0.19643652930508892
2021-07-09,0.05875367206773063
2021-07-10,0.1873198991183429
2021-07-11,0.21354620174609806
2021-07-12,0.2459234686033298
2021-07-13,-0.9598637588786971
2021-07-14,0.12660780951203776
2021-07-15,-0.17713823360261927
2021-07-16,0.05298160033962773
2021-07-17,1.1689172383864914
2021-07-18,1.31062903670405
2021-07-19,1.4578875169061618
2021-07-20,-3.5113788784462727
2021-07-21,0.11416961914668633
2021-07-22,-0.15973583937117297
2021-07-23,0.047776587975150164
2021-07-24,-0.27925272954921354
2021-07-25,-0.3088789885648566
2021-07-26,-0.33350348218783665
2021-07-27,0.36133753780801925
2021-07-28,0.10295338038649504
2021-07-29,-0.14404308950570766
2021-07-30,0.043082925942442785
2021-07-31,-0.251818415175471
2021-08-01,-0.20551046758490088
2021-08-02,-0.29211815020456555
2021-08-03,0.3344603786309932
2021-08-04,0.10146036773272726
2021-08-05,-0.12127070375848348
2021-08-06,0.04747169962485742
2021-08-07,-0.2184579785229488
2021-08-08,-0.24972307798178406
2021-08-09,-0.2634199131497752
2021-08-10,0.3016023613367409
2021-08-11,0.09149271018449667
2021-08-12,-0.10935684166626913
2021-08-13,0.04280799054191675
2021-08-14,-0.19699625571271895
2021-08-15,-0.22518981297952223
2021-08-16,-0.23754104529179898
2021-08-17,0.27197237793359363
2021-08-18,0.08250429420439787
2021-08-19,-0.09861341992109374
2021-08-20,0.03860245306069743
2021-08-21,-0.17764297314626276
2021-08-22,-0.2030667423358068
2021-08-23,-0.21420456636213459
2021-08-24,0.24525330014515845
2021-08-25,0.07439891721178782
2021-08-26,-0.0889254522171683
2021-08-27,0.03481007552380788
2021-08-28,-0.16019099360791245
2021-08-29,-0.1831170839316627
2021-08-30,-0.19316070719357725
2021-08-31,0.22115915501777295
2021-09-01,0.19853242852918385
2021-09-02,-0.0646708701399561
2021-09-03,0.04690864690151386
2021-09-04,-0.12893515086233975
2021-09-05,-0.1496089390028601
2021-09-06,-0.158665857847204
2021-09-07,0.21495044274358577
2021-09-08,0.06310400760546031
2021-09-09,-0.058317482402657106
2021-09-10,0.042300253333394267
2021-09-11,-0.11626831949571681
2021-09-12,-0.1349110758630303
2021-09-13,-0.14307822599081277
2021-09-14,0.19383330756203776
2021-09-15,0.05690455138618944
2021-09-16,-0.052588263436760485
2021-09-17,0.038144597024597715
2021-09-18,0.06182076517912094
2021-09-19,0.06468651106705181
2021-09-20,0.07699871996893393
2021-09-21,-0.266178231906423
2021-09-22,0.05131414141622059
2021-09-23,-0.04742189371967953
2021-09-24,0.03439720020904957
2021-09-25,-0.11091928950676078
2021-09-26,-0.12801208274115083
2021-09-27,-0.1365864512206656
2021-09-28,0.20094060865719143
2021-09-29,0.046272943838175706
2021-09-30,-0.04276307787688438
2021-10-01,0.12594872192288875
2021-10-02,-0.08881465245427478
2021-10-03,-0.10422821760072054
2021-10-04,-0.11196022402799599
2021-10-05,0.19240754399987026
2021-10-06,0.0529347208606481
2021-10-07,-0.027354234984990455
2021-10-08,0.029852233778790094
2021-10-09,-0.08008933432845566
2021-10-10,-0.09398864190997358
2021-10-11,-0.10096104151602248
2021-10-12,0.17350506580720548
2021-10-13,0.047734314546517
2021-10-14,-0.024666903613145053
2021-10-15,0.026919494318249804
2021-10-16,-0.07222120784607
2021-10-17,-0.08475502137040536
2021-10-18,-0.09104243935629341
2021-10-19,0.1564596025810161
2021-10-20,0.0430448059177877
2021-10-21,-0.022243580721955425
2021-10-22,0.02427487268986539
2021-10-23,-0.06512606088529793
2021-10-24,-0.07642852905296138
2021-10-25,-0.08209825929942127
2021-10-26,0.14108871767277265
2021-10-27,0.03881600342343461
2021-10-28,-0.02005832962136367
2021-10-29,0.021890063655504832
2021-10-30,-0.05872795448301105
2021-10-31,-0.06892004697368037
2021-11-01,0.03550272835540369
2021-11-02,0.14015987951714237
2021-11-03,0.04793462858623343
2021-11-04,-0.005155779530277016
2021-11-05,0.03267152489780045
2021-11-06,-0.04002642790305089
2021-11-07,-0.04921723010753709
2021-11-08,-0.06458864475849424
2021-11-09,0.12639031001981493
2021-11-10,0.04322544075073864
2021-11-11,-0.004649266077684899
2021-11-12,0.02946181300455919
2021-11-13,-0.036094156541793154
2021-11-14,-0.044382037097030036
2021-11-15,-0.05824333513801605
2021-11-16,0.11397348887265935
2021-11-17,0.0389788923664085
2021-11-18,-0.004192513457176972
2021-11-19,0.026567429230901496
2021-11-20,-0.03254819889816929
2021-11-21,-0.04002186252136397
2021-11-22,-0.05252140064195032
2021-11-23,0.10277651953579436
2021-11-24,0.0351495328642244
2021-11-25,-0.003780633071137629
2021-11-26,0.0239573951500347
2021-11-27,-0.02935060278690571
2021-11-28,-0.036090039677205255
2021-11-29,-0.047361599727118175
2021-11-30,0.09267956147598966
2021-12-01,0.002486909987581498
2021-12-02,-0.006857745163138418
2021-12-03,0.018155247138018638
2021-12-04,-0.029915673093036332
2021-12-05,-0.03599301506223185
2021-12-06,-0.046157235911032046
2021-12-07,0.08012601894355242
2021-12-08,0.02800352954676555
2021-12-09,-0.006184027415677917
2021-12-10,0.01637164160653981
2021-12-11,-0.026976701257453328
2021-12-12,-0.03245699375271727
2021-12-13,-0.041622662480946815
2021-12-14,0.07225428855527127
2021-12-15,0.02525241027966274
2021-12-16,-0.005576496963584532
2021-12-17,0.014763260828409841
2021-12-18,-0.024326459528332123
2021-12-19,-0.029268357809996814
2021-12-20,-0.037533574051217045
2021-12-21,0.06515589172721548
2021-12-22,0.022771566130280974
2021-12-23,-0.0050286514427355655
2021-12-24,0.0133128903949995
2021-12-25,-0.02193658251812991
2021-12-26,-0.0263929794436919
2021-12-27,-0.033846205339315816
2021-12-28,0.058754854719047955
2021-12-29,0.020534444763825377
2021-12-30,-0.004534627293487858
2021-12-31,0.012005007073533136
2022-01-01,-0.05629332505471751
2022-01-02,-0.02811074436185379
2022-01-03,-0.034831751366553476
2022-01-04,0.048672006873296425
2022-01-05,0.01420644167655638
2022-01-06,-0.008399797723505742
2022-01-07,0.006514951942598657
2022-01-08,-0.018561790394855393
2022-01-09,-0.02534909211299663
2022-01-10,-0.03140981478404825
2022-01-11,0.04389037763189663
2022-01-12,0.012810774201540198
2022-01-13,-0.007574585841133796
2022-01-14,0.005874910844809733
2022-01-15,-0.016738245293396403
2022-01-16,-0.022858749761006436
2022-01-17,-0.028324055669834536
2022-01-18,0.039578504615924714
2022-01-19,0.011552219717081869
2022-01-20,-0.006830444321884954
2022-01-21,0.0052977485849581285
2022-01-22,-0.01509384868300856
2022-01-23,-0.02061306331263779
2022-01-24,-0.025541447318744304
2022-01-25,0.03569023809252059
2022-01-26,0.010417307985761681
2022-01-27,-0.006159408661197574
2022-01-28,0.004777287828034105
2022-01-29,-0.013611000679844665
2022-01-30,-0.01858799731296301
2022-01-31,-0.02303220763111824
2022-02-01,0.010276862037329693
2022-02-02,0.006807495679446163
2022-02-03,-0.008140693234501839
2022-02-04,0.0017215616799148847
2022-02-05,-0.014860226877814853
2022-02-06,-0.01934827402737227
2022-02-07,-0.023355876788784258
2022-02-08,0.02858794753234406
2022-02-09,0.006138714536476186
2022-02-10,-0.007340936263368292
2022-02-11,0.0015524322317119754
2022-02-12,-0.013400330319164766
2022-02-13,-0.01744746329946878
2022-02-14,-0.0210613516493936
2022-02-15,0.02577941395041705
2022-02-16,0.005535635707332176
2022-02-17,-0.0066197489170605195
2022-02-18,0.0013999183777144708
2022-02-19,-0.012083856736524012
2022-02-20,-0.01573339178251132
2022-02-21,-0.018992244963150995
2022-02-22,0.023246795975076395
2022-02-23,0.004991804473455375
2022-02-24,-0.005969412368251881
2022-02-25,0.0012623877707724773
2022-02-26,-0.010896715987712469
2022-02-27,-0.014187713866157026
2022-02-28,-0.017126411198418623
2022-03-01,0.07207955410463285
2022-03-02,0.010536325248232004
2022-03-03,0.0006519589065590026
2022-03-04,0.007173293436856909
2022-03-05,-0.003791277164289397
2022-03-06,-0.006758961238965355
2022-03-07,-0.009408955433862332
2022-03-08,0.019916681569220884
2022-03-09,0.009501216895230868
2022-03-10,0.0005879092408420661
2022-03-11,0.006468575636304763
2022-03-12,-0.003418814985231222
2022-03-13,-0.006094948210602524
2022-03-14,-0.008484602005800923
2022-03-15,0.017960029418667034
2022-03-16,0.00856779952817277
2022-03-17,0.0005301519344200756
2022-03-18,0.00583309063416948
2022-03-19,-0.0030829441891953024
2022-03-20,-0.005496169067498613
2022-03-21,-0.0076510587921347906
2022-03-22,0.016195602445080226
2022-03-23,0.007726082833869441
2022-03-24,0.00047806881409684365
2022-03-25,0.00526003687049581
2022-03-26,-0.002780069970086174
2022-03-27,-0.004956215110418327
2022-03-28,-0.006899404427073819
2022-03-29,0.014604516086535568
2022-03-30,0.006967057966242862
2022-03-31,0.0004311024371972394
2022-04-01,0.07046458136691314
2022-04-02,0.00525223861404811
2022-04-03,0.0032898820535933737
2022-04-04,0.0015375952997942477
2022-04-05,0.02092893033224641
2022-04-06,0.014041790421501332
2022-04-07,0.008147939421590422
2022-04-08,0.005579897652260968
2022-04-09,0.004736248842206692
2022-04-10,0.0029666778705887964
2022-04-11,0.0013865390538327915
2022-04-12,0.018872832964916597
2022-04-13,0.012662298595593313
2022-04-14,0.007347470571637871
2022-04-15,0.0050317180420051955
2022-04-16,0.004270950873277002
2022-04-17,0.0026752258726858713
2022-04-18,0.00125032285677662
2022-04-19,0.017018730459106735
2022-04-20,0.011418330633865992
2022-04-21,0.006625641282766992
2022-04-22,0.004537392624747838
2022-04-23,0.0038513646494706677
2022-04-24,0.0024124066656625587
2022-04-25,0.0011274887943955036
2022-04-26,0.015346778460788357
2022-04-27,0.010296572417722416
2022-04-28,0.005974725857001317
2022-04-29,0.004091630663580759
2022-04-30,0.0034729993632112155
2022-05-01,-0.03433642623599553
2022-05-02,-0.0032939385395209797
2022-05-03,0.00952842144229038
2022-05-04,0.004974357112367045
2022-05-05,0.0010770968632414224
2022-05-06,-0.0006209995267028035
2022-05-07,-0.0011788553279004077
2022-05-08,0.0012380215003702233
2022-05-09,-0.002970335839741267
2022-05-10,0.00859233144959859
2022-05-11,0.0044856669404254035
2022-05-12,0.0009712808473452128
2022-05-13,-0.0005599913685401248
2022-05-14,-0.0010630423695872082
2022-05-15,0.0011163959463118545
2022-05-16,-0.002678524476095845
2022-05-17,0.00774820469339943
2022-05-18,0.004044986607496526
2022-05-19,0.0008758603953040733
2022-05-20,-0.000504976766251275
2022-05-21,-0.00095860709350859
2022-05-22,0.0010067191147911103
2022-05-23,-0.0024153812080953685
2022-05-24,0.006987006532860107
2022-05-25,0.00364759953695426
2022-05-26,0.0007898142274243014
2022-05-27,-0.00045536690166869676
2022-05-28,-0.0008644317348114328
2022-05-29,0.0009078171408916091
2022-05-30,-0.002178089628259272
2022-05-31,0.006300589907212384
2022-06-01,-0.08433914799395126
2022-06-02,-0.00963336433200368
2022-06-03,-0.010756216531689233
2022-06-04,-0.011125094068432873
2022-06-05,-0.009526954246062758
2022-06-06,-0.012309695746715477
2022-06-07,-0.004663977590247725
2022-06-08,0.001229302862810755
2022-06-09,-0.008686964553021426
2022-06-10,-0.009699505646750595
2022-06-11,-0.010032143962462214
2022-06-12,-0.008591008393494803
2022-06-13,-0.011100368150202655
2022-06-14,-0.004205779684667732
2022-06-15,0.0011085338440537384
2022-06-16,-0.007833540863266819
2022-06-17,-0.00874660802096372
2022-06-18,-0.009046567324695332
2022-06-19,-0.007747011616814348
2022-06-20,-0.010009847164816676
2022-06-21,-0.0037925960006646164
2022-06-22,0.0009996294001979322
2022-06-23,-0.007063959117360241
2022-06-24,-0.00788732484505772
2022-06-25,-0.008157815584233674
2022-06-26,-0.006985930666360218
2022-06-27,-0.009026461006264697
2022-06-28,-0.003420004256689424
2022-06-29,0.0009014239331577301
2022-06-30,-0.00636998252549148
2022-07-01,-0.02171719267848715
2022-07-02,-0.009080640769653314
2022-07-03,-0.008023884023934613
2022-07-04,-0.00986394883631192
2022-07-05,-0.004808280912499185
2022-07-06,-0.0009113979326969002
2022-07-07,-0.0074684477836157726
2022-07-08,-0.006703185809499246
2022-07-09,-0.008188541590058662
2022-07-10,-0.007235602608936631
2022-07-11,-0.008894896003184272
2022-07-12,-0.004335906377910703
2022-07-13,-0.0008218604904968174
2022-07-14,-0.006734733466572607
2022-07-15,-0.006044652264009187
2022-07-16,-0.0073840839069632125
2022-07-17,-0.006524763438548575
2022-07-18,-0.008021044737802185
2022-07-19,-0.003909938803516866
2022-07-20,-0.0007411193745454625
2022-07-21,-0.00607310062008537
2022-07-22,-0.005450814289083894
2022-07-23,-0.00665865765538598
2022-07-24,-0.005883758441406428
2022-07-25,-0.007233042259606748
2022-07-26,-0.0035258190825189217
2022-07-27,-0.0006683104172537924
2022-07-28,-0.005476467825303644
2022-07-29,-0.004915316070537301
2022-07-30,-0.006004498639271105
2022-07-31,-0.005305726977361758
2022-08-01,0.07380357917944025
2022-08-02,0.006304017581101107
2022-08-03,0.008880799235946313
2022-08-04,0.004545004229179028
2022-08-05,0.005051027383132123
2022-08-06,0.0040688481526771625
2022-08-07,0.004698971175997713
2022-08-08,-0.004289603072621162
2022-08-09,0.005684699070997112
2022-08-10,0.008008332863418843
2022-08-11,0.004098494489724658
2022-08-12,0.004554804980010374
2022-08-13,0.0036691168791946893
2022-08-14,0.0042373354349294345
2022-08-15,-0.0038681844217833827
2022-08-16,0.005126223572830213
2022-08-17,0.007221579223603669
2022-08-18,0.0036958507044886346
2022-08-19,0.004107332396415586
2022-08-20,0.00330865595569918
2022-08-21,0.0038210516548460305
2022-08-22,-0.00348816672956076
2022-08-23,0.004622613755003613
2022-08-24,0.006512117736889422
2022-08-25,0.003332763399860994
2022-08-26,0.0037038203586519103
2022-08-27,0.0029836073893534376
2022-08-28,0.0034456643740412574
2022-08-29,-0.003145482688125867
2022-08-30,0.004168479510177292
2022-08-31,0.005872355077201519
2022-09-01,0.07602901356587921
2022-09-02,0.011961271540634755
2022-09-03,0.011311813644162783
2022-09-04,0.011728477284115968
2022-09-05,0.005784856870768351
2022-09-06,0.012380281705659968
2022-09-07,0.013916765341427606
2022-09-08,0.0041574350312387764
2022-09-09,0.010786173791586862
2022-09-10,0.010200519856901735
2022-09-11,0.010576249679424166
2022-09-12,0.00521654168251473
2022-09-13,0.011164019612159848
2022-09-14,0.012549556213940605
2022-09-15,0.003749000816668513
2022-09-16,0.009726519849252213
2022-09-17,0.009198401655488908
2022-09-18,0.009537219075575365
2022-09-19,0.0047040588442044395
2022-09-20,0.010067245387787693
2022-09-21,0.011316664275284438
2022-09-22,0.0033806919453311934
2022-09-23,0.00877096829756141
2022-09-24,0.008294733425607603
2022-09-25,0.00860026478691367
2022-09-26,0.004241923281071536
2022-09-27,0.009078220320169805
2022-09-28,0.01020489395292401
2022-09-29,0.003048566428269339
2022-09-30,0.007909291922402417
2022-10-01,-0.014427256870440885
2022-10-02,0.005168962212671602
2022-10-03,0.0012387923502643616
2022-10-04,0.0055999624979605755
2022-10-05,0.006615949599996895
2022-10-06,0.00016267311276862984
2022-10-07,0.004545871818265823
2022-10-08,0.006310807598019608
2022-10-09,0.004661153670710405
2022-10-10,0.001117091066468845
2022-10-11,0.005049811679654681
2022-10-12,0.005965986303337445
2022-10-13,0.0001466918010848417
2022-10-14,0.004099276845238364
2022-10-15,0.005690822023915132
2022-10-16,0.004203233192292544
2022-10-17,0.0010073459450339328
2022-10-18,0.0045537087095226525
2022-10-19,0.005379876619926449
2022-10-20,0.00013228052343094987
2022-10-21,0.0036965561999338092
2022-10-22,0.005131744995374277
2022-10-23,0.0037902996804817235
2022-10-24,0.0009083823901576693
2022-10-25,0.0041063438255974916
2022-10-26,0.004851347451037213
2022-10-27,0.00011928503672464785
2022-10-28,0.0033333995861042354
2022-10-29,0.0046275927426435715
2022-10-30,0.0034179335313098136
2022-10-31,0.0008191412005160714
2022-11-01,-0.062018371476710854
2022-11-02,-0.003384447317408501
2022-11-03,-0.0076516230453407275
2022-11-04,-0.004753269137239613
2022-11-05,-0.00358621994360675
2022-11-06,-0.004677039965343965
2022-11-07,-0.007020522063633905
2022-11-08,0.002036540737421433
2022-11-09,-0.0030519528655474915
2022-11-10,-0.006899913247046641
2022-11-11,-0.004286299062627563
2022-11-12,-0.003233902970535496
2022-11-13,-0.004217558787544817
2022-11-14,-0.0063308128093879645
2022-11-15,0.0018364671559254475
2022-11-16,-0.0027521232922183003
2022-11-17,-0.006222052829144786
2022-11-18,-0.0038652050039260644
2022-11-19,-0.0029161982776528816
2022-11-20,-0.0038032179023943513
2022-11-21,-0.0057088618858003315
2022-11-22,0.0016560491783010889
2022-11-23,-0.002481749538489453
2022-11-24,-0.005610786689992153
2022-11-25,-0.0034854800152999132
2022-11-26,-0.002629705489646028
2022-11-27,-0.0034295826428731857
2022-11-28,-0.005148012587397943
2022-11-29,0.0014933558011733794
2022-11-30,-0.0022379378094044
2022-12-01,-0.10729270641280664
2022-12-02,-0.015212909938256303
2022-12-03,-0.0144412083069696
2022-12-04,-0.015162504028531032
2022-12-05,-0.016712112192450945
2022-12-06,-0.010723204290002286
2022-12-07,-0.014087928618380374
2022-12-08,-0.0065887857980584386
2022-12-09,-0.013718365134707255
2022-12-10,-0.013022476918976622
2022-12-11,-0.013672911196088933
2022-12-12,-0.01507028294775381
2022-12-13,-0.00966973658960768
2022-12-14,-0.012703904089555351
2022-12-15,-0.0059414911242470225
2022-12-16,-0.012370647215618646
2022-12-17,-0.011743124363313484
2022-12-18,-0.012329658757181505
2022-12-19,-0.013589750087241725
2022-12-20,-0.008719763531836122
2022-12-21,-0.011455848726129148
2022-12-22,-0.005357787893167654
2022-12-23,-0.01115533163249438
2022-12-24,-0.010589457802090863
2022-12-25,-0.011118369957088703
2022-12-26,-0.012254667551630405
2022-12-27,-0.007863117608899017
2022-12-28,-0.010330404662276749
2022-12-29,-0.004831428762223311
2022-12-30,-0.010059410931532398
2022-12-31,-0.009549129607506757
2023-01-01,-0.13416631449834426
2023-01-02,-0.025706992476862922
2023-01-03,-0.02174687663668351
2023-01-04,-0.0239717727826374
2023-01-05,-0.01901302658811943
2023-01-06,1.9762725980157612
2023-01-07,-0.4538098839196465
2023-01-08,-0.5207522202614641
2023-01-09,-0.6111401445229774
2023-01-10,-0.01961042269048363
2023-01-11,-0.021616740866356565
2023-01-12,-0.01714515119791571
2023-01-13,-0.2178801284347145
2023-01-14,0.021315882444326917
2023-01-15,0.03965809823962019
2023-01-16,0.03685806464371666
2023-01-17,-0.017683857986789064
2023-01-18,-0.019493071702299858
2023-01-19,-0.01546077938917989
2023-01-20,0.8035248240083064
2023-01-21,-0.19604954595667579
2023-01-22,-0.21886330957480027
2023-01-23,-0.26074226835248027
2023-01-24,-0.0159465626127826
2023-01-25,5.982421964220222
2023-01-26,-5.305569780221354
2023-01-27,-0.2754149616814203
2023-01-28,0.0384820452538861
2023-01-29,0.05726355429349894
2023-01-30,0.058852868702068406
2023-01-31,-0.0143799423945552
2023-02-01,-0.787861557073704
2023-02-02,0.485733938569183
2023-02-03,-0.2699109829168833
2023-02-04,0.013148193355625892
2023-02-05,0.030084571723207887
2023-02-06,0.03151774890358183
2023-02-07,-0.034520533485654425
2023-02-08,-0.5494546959722086
2023-02-09,0.43801452546927777
2023-02-10,-0.2433944217477091
2023-02-11,0.011856490181450852
2023-02-12,0.027129006974689673
2023-02-13,0.028421386140998095
2023-02-14,0.9688708284658745
2023-02-15,-0.3774132189585018
2023-02-16,0.5130451742089477
2023-02-17,-0.10142088007780359
2023-02-18,-0.2045796297829341
2023-02-19,-0.23016151941604335
2023-02-20,-0.26835011173643153
2023-02-21,0.8736871411983174
2023-02-22,-0.3403354365043967
2023-02-23,0.46264265409865146
2023-02-24,-0.09145710260809636
2023-02-25,0.1488519900613099
2023-02-26,0.1651373189771661
2023-02-27,0.1700544513211284
2023-02-28,-0.09408350491806061
2023-03-01,-0.5040641460872948
2023-03-02,0.39391420420289336
2023-03-03,-0.10574975321272007
2023-03-04,0.7776175901692781
2023-03-05,0.8710110292971223
2023-03-06,0.9541531048048952
2023-03-07,-1.8719940984325234
2023-03-08,0.7193423942385309
2023-03-09,0.4732773512121895
2023-03-10,0.02270131807315323
2023-03-11,0.1526183302539863
2023-03-12,0.1581286112990199
2023-03-13,0.15439464191204877
2023-03-14,0.19385209544791593
2023-03-15,-0.23326513446902908
2023-03-16,0.42678169661608223
2023-03-17,0.02047109801021918
2023-03-18,0.1376248192601679
2023-03-19,0.14259375996102364
2023-03-20,0.139226622729538
2023-03-21,0.17480770202914897
2023-03-22,-0.21034873017922706
2023-03-23,0.3848538623282636
2023-03-24,0.018459978948953903
2023-03-25,0.12410429890612562
2023-03-26,0.12858508155347437
2023-03-27,0.12554873819853896
2023-03-28,0.15763426553684923
2023-03-29,-0.1896836764256662
2023-03-30,0.3470450971148793
2023-03-31,0.016646435996044318
2023-04-01,-0.09985657474050669
2023-04-02,0.09095080980829806
2023-04-03,0.08821276251909183
2023-04-04,0.1171461474765394
2023-04-05,-0.1960506284864536
2023-04-06,0.4546155703944592
2023-04-07,0.17635289626041128
2023-04-08,0.302740997231588
2023-04-09,0.3077133069451108
2023-04-10,0.3249212534235042
2023-04-11,0.37068917124608447
2023-04-12,-1.0587282298579552
2023-04-13,0.24328661747865254
2023-04-14,-0.02731601254458127
2023-04-15,0.06697848148449026
2023-04-16,0.05178529929959552
2023-04-17,0.04762570197632243
2023-04-18,0.06922029084930159
2023-04-19,-0.07277880015438143
2023-04-20,0.21938568390308433
2023-04-21,-0.024632436242093547
2023-04-22,0.06039838984794699
2023-04-23,0.04669781437511489
2023-04-24,0.042946863694041326
2023-04-25,0.06241995965633862
2023-04-26,-0.06562887433344144
2023-04-27,0.19783282286723392
2023-04-28,-0.022212499508505346
2023-04-29,0.38779807208781847
2023-04-30,0.41479747257790933
2023-05-01,0.23169802678143014
2023-05-02,-0.8515142413668642
2023-05-03,-0.08504533495570143
2023-05-04,0.1525333909999418
2023-05-05,-0.045894266219271174
2023-05-06,-0.00949723546857939
2023-05-07,-0.024504312452528154
2023-05-08,-0.009898729753089697
2023-05-09,0.11407809748566677
2023-05-10,-0.07669032175047619
2023-05-11,0.13754822459774374
2023-05-12,-0.04138552743300039
2023-05-13,-0.008564209244461551
2023-05-14,-0.02209696284031537
2023-05-15,-0.008926259977471318
2023-05-16,0.1028708512397003
2023-05-17,-0.06915612071203014
2023-05-18,0.1240352290469815
2023-05-19,0.9626802643989478
2023-05-20,-0.22299416139902917
2023-05-21,-0.2745514376350542
2023-05-22,-0.3020286550561835
2023-05-23,10.092764625883682
2023-05-24,-8.881741921706116
2023-05-25,0.11184977552222364
2023-05-26,-0.13189525024451854
2023-05-27,0.014184519366153836
2023-05-28,0.007046332374777364
2023-05-29,0.021622534059126508
2023-05-30,-0.8987674995455635
2023-05-31,0.8101968900317686
2023-06-01,-0.09630245734572895
2023-06-02,-0.14221518138518263
2023-06-03,-0.010486562307924885
2023-06-04,-0.016923480421873194
2023-06-05,-0.0037792721280851538
2023-06-06,-0.8337484626761977
2023-06-07,0.7073240601736543
2023-06-08,0.08704480993714725
2023-06-09,-0.1282436952469297
2023-06-10,-0.009456342759662562
2023-06-11,-0.015260885965908244
2023-06-12,-0.003407989346342788
2023-06-13,-0.7518394500404924
2023-06-14,0.6378352179437812
2023-06-15,0.0784933645598116
2023-06-16,-0.11564479410986905
2023-06-17,-0.008527333911956703
2023-06-18,-0.013761627907427965
2023-06-19,-0.0030731820814082766
2023-06-20,-0.6779773324232465
2023-06-21,0.5751730898981648
2023-06-22,0.07078202921424293
2023-06-23,-0.10428363264926332
2023-06-24,-0.007689592635763631
2023-06-25,-0.012409659772416148
2023-06-26,-0.002771266910094994
2023-06-27,-0.6113715677662128
2023-06-28,0.5186670068321035
2023-06-29,0.06382826991532653
2023-06-30,-0.0940386129979558
2023-07-01,-0.21140042049378138
2023-07-02,-0.03533021155561755
2023-07-03,-0.026638712484519544
2023-07-04,-0.5754489783786454
2023-07-05,0.4435724873083089
2023-07-06,0.033417960938365354
2023-07-07,-0.10893978332439502
2023-07-08,-0.010305478884298225
2023-07-09,-0.03185930531197556
2023-07-10,-0.024021675410182297
2023-07-11,-0.5189157915108424
2023-07-12,0.39999509425241797
2023-07-13,0.030134917781708737
2023-07-14,7.901762665301668
2023-07-15,-0.7314635783717804
2023-07-16,-0.947669945135786
2023-07-17,-1.137372327362641
2023-07-18,-0.11375047934441795
2023-07-19,0.7148848776202996
2023-07-20,0.3813604585442576
2023-07-21,-0.5203352667798669
2023-07-22,0.4167533560614629
2023-07-23,0.41855753692280473
2023-07-24,0.4442619011731921
2023-07-25,-0.10257541891908062
2023-07-26,0.6446532465044541
2023-07-27,0.34389489187035593
2023-07-28,-0.4692165543031166
2023-07-29,0.37581072475748556
2023-07-30,0.3774376595073363
2023-07-31,0.4006167788062456
2023-08-01,-0.27505738512054023
2023-08-02,0.5597679989451336
2023-08-03,0.28855670913073794
2023-08-04,-0.444673143612178
2023-08-05,0.6506704040714837
2023-08-06,0.6914915114338314
2023-08-07,0.7517474763148826
2023-08-08,2.031032649585015
2023-08-09,0.8589613925082134
2023-08-10,0.6143944084512682
2023-08-11,-0.046801568414480244
2023-08-12,1.6076000415377365
2023-08-13,0.3897854848882645
2023-08-14,0.36541377930454644
2023-08-15,-0.22635510023016536
2023-08-16,0.7745754143599584
2023-08-17,5.554035149492506
2023-08-18,0.548106391444847
2023-08-19,1.0399764844703228
2023-08-20,1.157073629961893
2023-08-21,1.1744502521764701
2023-08-22,0.6801718629400568
2023-08-23,1.2887897589713546
2023-08-24,0.598706406036051
2023-08-25,-0.5057406084026397
2023-08-26,0.8197452270002756
2023-08-27,0.925338529307659
2023-08-28,0.9410080395667251
2023-08-29,0.49528848628853694
2023-08-30,1.0441146187748345
2023-08-31,0.4218263486560332
2023-09-01,1.2579278459490268
2023-09-02,0.5041115630544297
2023-09-03,0.5599771755734864
2023-09-04,0.534753278023544
2023-09-05,-2.5731986228113612
2023-09-06,2.567523749515402
2023-09-07,0.24249428053173006
2023-09-08,-1.335589967031126
2023-09-09,-1.125297029210742
2023-09-10,-1.2126587793068637
2023-09-11,-1.373143653922611
2023-09-12,-0.1468368845790451
2023-09-13,-2.1569626677296725
2023-09-14,0.2741750500177602
2023-09-15,-0.5308132242289361
2023-09-16,0.16924650011834075
2023-09-17,0.3069143637298808
2023-09-18,0.3786428557141903
2023-09-19,-0.13241135365122148
2023-09-20,0.05494139004660781
2023-09-21,-0.5166363866989769
2023-09-22,-0.36060312036063635
2023-09-23,-0.06265190960101563
2023-09-24,0.022137199165115362
2023-09-25,0.047464943839315765
2023-09-26,-0.11940301393624964
2023-09-27,-0.9504561551519828
2023-09-28,-0.5839430763392386
2023-09-29,-0.4432388107202172
2023-09-30,-0.1745588857013871
2023-10-01,-0.26605405231271106
2023-10-02,-0.09508915777573179
2023-10-03,-0.2455636944251367
2023-10-04,0.00502738355957888
2023-10-05,-0.5464044526703162
2023-10-06,-0.4195232379910223
2023-10-07,1.156094400628696
2023-10-08,1.3989583480288132
2023-10-09,1.5624179586221487
2023-10-10,-3.749190987736746
2023-10-11,0.00453348397002884
2023-10-12,-0.4927246544799573
2023-10-13,-0.37830848829148067
2023-10-14,-0.2908158148319089
2023-10-15,-0.22922730004047764
2023-10-16,-0.2392422910882388
2023-10-17,0.14688849755546585
2023-10-18,0.004088106002441805
2023-10-19,-0.4443184603381667
2023-10-20,-0.34114275289906004
2023-10-21,1.071087809564112
2023-10-22,1.2840417760899427
2023-10-23,1.432426699479791
2023-10-24,0.604705964875059
2023-10-25,-3.524065448395284
2023-10-26,-0.4006677814927784
2023-10-27,-0.30762824905445996
2023-10-28,1.9658621343695444
2023-10-29,2.2759571210378624
2023-10-30,2.527826448464573
2023-10-31,-1.1005154316142054
2023-11-01,0.8233695003531167
2023-11-02,0.21521054449689103
2023-11-03,0.2991096987764905
2023-11-04,1.3492481230912787
2023-11-05,1.5108167794976097
2023-11-06,1.6198799746261656
2023-11-07,-0.7700688115421883
2023-11-08,0.0816479238868908
2023-11-09,0.31212987418737725
2023-11-10,0.38778661820099103
2023-11-11,0.0014241408845165893
2023-11-12,-0.010296033464499033
2023-11-13,-0.06936343410345103
2023-11-14,1.951398141135158
2023-11-15,0.07362667871677786
2023-11-16,0.2814656499599266
2023-11-17,0.3496897335504059
2023-11-18,0.3346175639464377
2023-11-19,0.3634028072397726
2023-11-20,0.3494923045517666
2023-11-21,0.8777511451804614
2023-11-22,1.066393455715712
2023-11-23,0.37187595383088023
2023-11-24,-0.5666024245021433
2023-11-25,0.3017441069022837
2023-11-26,0.32770143390888506
2023-11-27,0.31515752509355366
2023-11-28,0.7915192264902444
2023-11-29,-0.03837103735271796
2023-11-30,4.217280145487081
2023-12-01,-2.2078688550412764
2023-12-02,0.05079395879017312
2023-12-03,0.03484718357612593
2023-12-04,-0.015818393845179912
2023-12-05,0.7077239682084482
2023-12-06,0.9593636803119168
2023-12-07,1.914993726844159
2023-12-08,-1.063944053194973
2023-12-09,0.04580386501655198
2023-12-10,0.03142373090709327
2023-12-11,-0.014264365167058202
2023-12-12,0.6381958382632291
2023-12-13,0.8651139931092899
2023-12-14,-0.2731388483762984
2023-12-15,0.8044557715745384
2023-12-16,0.04130400741397722
2023-12-17,0.028336604648814046
2023-12-18,-0.012863007180790476
2023-12-19,1.575498282201096
2023-12-20,-0.10181441086022147
2023-12-21,0.7536948243493384
2023-12-22,0.843486545050709
2023-12-23,0.15530824146235034
2023-12-24,0.14361478066468436
2023-12-25,0.10646269596947633
2023-12-26,0.5387803933734574
2023-12-27,0.9081880278116046
2023-12-28,-1.2022875515189284
2023-12-29,1.6425588277383838
2023-12-30,-0.10994953145340247
2023-12-31,-0.15000970903186328
2024-01-01,-0.11079427361949712
2024-01-02,0.15937293418301834
2024-01-03,0.7129737655043016
2024-01-04,-0.19016473479899787
2024-01-05,0.4932606179635357
2024-01-06,0.04485994953837036
2024-01-07,0.03825086323669069
2024-01-08,0.000896071097294282
2024-01-09,0.3642003339310307
2024-01-10,0.6429298856269483
2024-01-11,-0.17148259460587667
2024-01-12,0.4448017697639415
2024-01-13,0.04045282396265293
2024-01-14,0.03449302669433507
2024-01-15,0.0008080393921474638
2024-01-16,0.32842061008226864
2024-01-17,2.579767247873285
2024-01-18,-1.9185117885014265
2024-01-19,0.4011036096941396
2024-01-20,0.036478662668884
2024-01-21,0.03110436706156605
2024-01-22,0.0007286560868209335
2024-01-23,0.2961559534078688
2024-01-24,0.32632607519037293
2024-01-25,0.033842373292714
2024-01-26,0.3616984388237725
2024-01-27,0.36622826376733286
2024-01-28,0.4007359547733387
2024-01-29,0.4126984163467924
2024-01-30,0.3851230543170132
2024-01-31,-0.5876707932472698
2024-02-01,0.24958863634906692
2024-02-02,0.3520284701637024
2024-02-03,0.022779943275963888
2024-02-04,0.014543528266145245
2024-02-05,-0.014023230554094823
2024-02-06,1.2550897902981788
2024-02-07,0.4959270519559169
2024-02-08,0.14992356086371927
2024-02-09,0.43550655024005636
2024-02-10,0.1386040161264006
2024-02-11,0.13117676197422412
2024-02-12,0.1054164551163197
2024-02-13,0.2498494326285865
2024-02-14,0.4472062482801178
2024-02-15,0.13519478906873417
2024-02-16,0.3927215699690976
2024-02-17,0.7916539643024336
2024-02-18,0.8636643889948772
2024-02-19,0.9191428344622921
2024-02-20,0.4614277901859012
2024-02-21,-0.36060409786710323
2024-02-22,1.2399750166388799
2024-02-23,-0.4097360991969836
2024-02-24,-0.5013909219990182
2024-02-25,-0.5938709594154474
2024-02-26,-0.7012588434127238
2024-02-27,3.0619102070861217
2024-02-28,0.67482232500614
2024-02-29,-2.763780437319255
2024-03-01,3.5392162935641593
2024-03-02,0.3636321035698842
2024-03-03,0.3589454899390958
2024-03-04,0.3408156045346189
2024-03-05,0.14632521463767745
2024-03-06,0.6395632713802328
2024-03-07,-2.4612247066103095
2024-03-08,-0.04033139712532119
2024-03-09,0.9737221521352168
2024-03-10,1.0875579774178377
2024-03-11,1.1892712231581442
2024-03-12,0.13194995112448993
2024-03-13,0.5767313761241226
2024-03-14,0.7805706244970594
2024-03-15,0.31781688657049045
2024-03-16,0.23224791333419859
2024-03-17,0.2168382764456851
2024-03-18,0.19049700496452004
2024-03-19,0.11898694045908798
2024-03-20,0.5200722040967136
2024-03-21,0.7038859024170137
2024-03-22,0.28659395958075606
2024-03-23,0.20943144275643277
2024-03-24,0.19553567749601797
2024-03-25,0.17178222192718096
2024-03-26,0.10729744027306509
2024-03-27,-2.5310206646086755
2024-03-28,0.8805487796510079
2024-03-29,0.5750895902140485
2024-03-30,0.5763448740782451
2024-03-31,0.6346514651784432
2024-04-01,1.0053729391625197
2024-04-02,-2.865309847153803
2024-04-03,4.401379315047436
2024-04-04,-0.295776100755738
2024-04-05,0.2398743659330549
2024-04-06,0.1701691180357514
2024-04-07,0.15191034995408614
2024-04-08,0.09407010553128714
2024-04-09,-0.5838164339936753
2024-04-10,-0.7948964090748163
2024-04-11,-0.620904553503344
2024-04-12,-0.13787739325340453
2024-04-13,-0.20073466686783803
2024-04-14,-0.21719965932955176
2024-04-15,-0.26935756966316404
2024-04-16,0.11935273580431272
2024-04-17,0.04707167054807826
2024-04-18,0.32203225711408834
2024-04-19,-0.124332059556572
2024-04-20,-0.18101411672478207
2024-04-21,-0.19586155744761413
2024-04-22,-0.242895376849944
2024-04-23,0.10762729919754577
2024-04-24,0.04244726135237187
2024-04-25,0.290395204216388
2024-04-26,-0.1121174448458575
2024-04-27,-0.16323095041289548
2024-04-28,-0.17661975071332137
2024-04-29,-0.21903287948750005
2024-04-30,0.09705379147361981
2024-05-01,0.2792552641954842
2024-05-02,0.29031659548267186
2024-05-03,-0.0726524560390871
2024-05-04,-0.11874447495785034
2024-05-05,-0.1308179344066005
2024-05-06,-0.1690643178658462
2024-05-07,0.11596940573195269
2024-05-08,0.03929296265540927
2024-05-09,0.26179534866511744
2024-05-10,-0.06551494250098955
2024-05-11,-0.10707879503740969
2024-05-12,-0.11796613518661303
2024-05-13,-0.1524551222052395
2024-05-14,0.10457635381679609
2024-05-15,0.03543274831174159
2024-05-16,0.23607608262538804
2024-05-17,-0.05907863167899308
2024-05-18,-0.09655917339087239
2024-05-19,-0.10637692082504202
2024-05-20,-0.13747764507622406
2024-05-21,0.0943025766890031
2024-05-22,0.031951768664875146
2024-05-23,0.2128835255168724
2024-05-24,-0.053274636103196826
2024-05-25,-0.08707301910403231
2024-05-26,-0.0959262526174669
2024-05-27,-0.12397158339002345
2024-05-28,0.08503811469430644
2024-05-29,0.028812766986952454
2024-05-30,0.1919694487154331
2024-05-31,-0.04804083593793962
2024-06-01,0.11864509874556006
2024-06-02,-0.06322470976538597
2024-06-03,-0.08851481464493105
2024-06-04,0.09996137871013389
2024-06-05,0.04925971460998113
