Date,Well-Milled Low_train_residual
2020-01-01,31.546776922667725
2020-01-02,28.976547378635114
2020-01-03,17.56215564928413
2020-01-04,15.794632017789311
2020-01-05,11.335415169855107
2020-01-06,10.625469787480537
2020-01-07,9.249369713558647
2020-01-08,-9.673683330552528
2020-01-09,-6.721345675468243
2020-01-10,5.706913819834611
2020-01-11,4.788819022815865
2020-01-12,3.832744051662214
2020-01-13,2.038946934581041
2020-01-14,1.8680843744020095
2020-01-15,-5.168139006111851
2020-01-16,-3.7829977157751387
2020-01-17,2.5505781145160107
2020-01-18,2.2609052772893072
2020-01-19,2.5311128617334226
2020-01-20,1.8788039551480296
2020-01-21,2.2698173991447987
2020-01-22,-4.634263350841522
2020-01-23,-0.6186735651574722
2020-01-24,0.00016090454961315004
2020-01-25,-0.00023274366889580733
2020-01-26,6.746996867690314e-05
2020-01-27,-6.397113445189007e-05
2020-01-28,2.4090893102624023e-05
2020-01-29,-2.0000181235138825
2020-01-30,1.3490906539717358
2020-01-31,-1.7801806836023424
2020-02-01,1.2991237269640266
2020-02-02,0.44620549121941977
2020-02-03,-0.15907400031003505
2020-02-04,0.31876685703066343
2020-02-05,0.6013956742017434
2020-02-06,-0.3807913081390737
2020-02-07,0.6086178480397528
2020-02-08,1.5540822395949832
2020-02-09,-0.5333836543650818
2020-02-10,-0.8232261906402272
2020-02-11,-0.17422301799458495
2020-02-12,0.4607054391351788
2020-02-13,-0.46010350504875674
2020-02-14,0.514937849200706
2020-02-15,-1.152127217760274
2020-02-16,-0.00340025462538307
2020-02-17,0.37692155289217055
2020-02-18,-0.07515062368371161
2020-02-19,0.7706186822327403
2020-02-20,-0.4745051025470133
2020-02-21,0.6155319052063746
2020-02-22,-1.0342230391348863
2020-02-23,-0.03257015127827856
2020-02-24,0.31732914454211425
2020-02-25,-0.08662524859111898
2020-02-26,0.10580071577757622
2020-02-27,-0.03664303463166618
2020-02-28,0.030819772464731443
2020-02-29,-0.666349895935106
2020-03-01,0.1936846781109196
2020-03-02,0.31262172838995994
2020-03-03,0.03412105852653369
2020-03-04,0.08067727971124583
2020-03-05,0.01297224892972082
2020-03-06,0.026207448566417213
2020-03-07,0.01072907413952251
2020-03-08,-0.012591157661880459
2020-03-09,0.0019608245992905893
2020-03-10,0.0054541171849287196
2020-03-11,0.004052774502056877
2020-03-12,0.007106018618635801
2020-03-13,0.005643443564640194
2020-03-14,0.006862614688213142
2020-03-15,-0.014923819138623173
2020-03-16,-0.00022174100801208851
2020-03-17,1.5019161691260337
2020-03-18,1.9886132869553492
2020-03-19,-2.1859969649690285
2020-03-20,-0.28222985989026483
2020-03-21,-0.07816335659077822
2020-03-22,-0.2801547049182531
2020-03-23,0.0807711078296407
2020-03-24,-0.16729596400417535
2020-03-25,-0.03876155143885285
2020-03-26,-1.946484417150284
2020-03-27,2.375382698470741
2020-03-28,-2.4624786041920146
2020-03-29,-0.8026506887420872
2020-03-30,-0.18282522018131786
2020-03-31,3.665898719351379
2020-04-01,1.822185109978399
2020-04-02,1.6746883161845076
2020-04-03,-2.832966367039269
2020-04-04,3.3595187444217274
2020-04-05,1.7958260758998037
2020-04-06,1.063040655990548
2020-04-07,-2.111473353668792
2020-04-08,-1.4764006397719243
2020-04-09,2.349756949659202
2020-04-10,0.7600723183218818
2020-04-11,0.7133271249619213
2020-04-12,0.5699006081619942
2020-04-13,0.47635499135709836
2020-04-14,-0.8222138147123843
2020-04-15,-0.5774340495624344
2020-04-16,1.1764408460675355
2020-04-17,0.2105739796085615
2020-04-18,0.32540431353242383
2020-04-19,0.13764960934783943
2020-04-20,-0.0491264492049055
2020-04-21,-1.1343680739818254
2020-04-22,-0.7048525467642719
2020-04-23,0.058294446383229115
2020-04-24,0.8016031903937915
2020-04-25,-0.7467402307520103
2020-04-26,-0.3818675330250585
2020-04-27,-0.30526955616338824
2020-04-28,0.0689551132374362
2020-04-29,-0.02760778374207007
2020-04-30,-0.15713357394099603
2020-05-01,0.12442288478336394
2020-05-02,-0.102573459464395
2020-05-03,-0.09060019697673738
2020-05-04,-0.12394358325530419
2020-05-05,-0.07374330423601805
2020-05-06,-0.060105751494049287
2020-05-07,-0.06051109255123066
2020-05-08,-0.12856354185455388
2020-05-09,-0.07978058719150027
2020-05-10,-0.06815885461050897
2020-05-11,-0.0716844407591708
2020-05-12,-0.06206764965625666
2020-05-13,-0.06642336418823902
2020-05-14,-0.06261305848351384
2020-05-15,-0.12587302151277413
2020-05-16,-0.08315276962253648
2020-05-17,-0.07698166318584043
2020-05-18,-0.0784246979109895
2020-05-19,-0.07166668804335075
2020-05-20,-0.0747376017538599
2020-05-21,-0.07193973550278088
2020-05-22,-0.14048997646469275
2020-05-23,-0.09418672710555853
2020-05-24,-0.08724869949042358
2020-05-25,-0.08893877488450386
2020-05-26,-0.08149829890982829
2020-05-27,-0.08488410849736283
2020-05-28,-0.08181252367627678
2020-05-29,-0.08325207213312069
2020-05-30,-0.08226176130560248
2020-05-31,-0.08272235497019409
2020-06-01,0.08751506013499011
2020-06-02,0.013448594618459708
2020-06-03,1.008178053219865
2020-06-04,0.34665432713154587
2020-06-05,0.2281109525955074
2020-06-06,0.271129907626495
2020-06-07,0.15839492168144886
2020-06-08,0.15555790317940676
2020-06-09,0.14100539133745116
2020-06-10,-0.201516164975601
2020-06-11,0.03597511778495743
2020-06-12,0.09342701243178908
2020-06-13,0.07908939911493462
2020-06-14,0.12916055163807272
2020-06-15,0.06060310974271488
2020-06-16,0.10498409995241076
2020-06-17,-0.19773326787773016
2020-06-18,0.009950443614840765
2020-06-19,0.04649759932365072
2020-06-20,0.039027335071558866
2020-06-21,0.07581844279339123
2020-06-22,0.006223249293860533
2020-06-23,0.046650013752959296
2020-06-24,-0.28372413404208174
2020-06-25,-0.06059578691733236
2020-06-26,-0.02193095084309249
2020-06-27,-0.03275957854334166
2020-06-28,0.005542482310303853
2020-06-29,-0.011995118948242123
2020-06-30,0.0036353235967965247
2020-07-01,0.08835653890790951
2020-07-02,0.03120959170814075
2020-07-03,0.01880235515012174
2020-07-04,0.02287057622012867
2020-07-05,0.01188407844547612
2020-07-06,0.016965256259389605
2020-07-07,0.012562929712814253
2020-07-08,-0.01971958138903318
2020-07-09,0.0020784504039852436
2020-07-10,0.0064903689033499745
2020-07-11,0.005106577228090714
2020-07-12,0.009145460800667138
2020-07-13,0.00728381038815229
2020-07-14,0.008911413220609177
2020-07-15,-1.0194169238481336
2020-07-16,2.674910190957526
2020-07-17,-2.238479056135816
2020-07-18,0.42925106397464674
2020-07-19,1.284517024667288
2020-07-20,1.0232898160748363
2020-07-21,-2.1939592637343353
2020-07-22,-0.33270240695777886
2020-07-23,-1.1693161759608799
2020-07-24,3.3582867247834685
2020-07-25,0.7694190645157448
2020-07-26,-0.10192285446341742
2020-07-27,0.2515678315026051
2020-07-28,1.0306062120506212
2020-07-29,0.9704266947100635
2020-07-30,-0.485935015885822
2020-07-31,-0.5382990856681715
2020-08-01,-0.8688145351185952
2020-08-02,-1.1023846776680415
2020-08-03,-1.2947832336045622
2020-08-04,-0.24228691059146001
2020-08-05,0.025830546875504012
2020-08-06,-1.1496385623557899
2020-08-07,-0.12358498796328377
2020-08-08,-0.4103514307395457
2020-08-09,-0.46658480731019125
2020-08-10,-0.3710168373591074
2020-08-11,0.8279449344673395
2020-08-12,0.09890736024154734
2020-08-13,-0.06764563207143937
2020-08-14,-0.8009620632299672
2020-08-15,-0.26621337344838736
2020-08-16,-0.022806516379056063
2020-08-17,-0.06392085624901256
2020-08-18,0.09829395463203383
2020-08-19,-0.11402774972773955
2020-08-20,-0.09520052704022675
2020-08-21,0.06612803239525533
2020-08-22,0.08874077819326942
2020-08-23,0.15346992127092562
2020-08-24,0.20364949331371207
2020-08-25,0.22845349742762977
2020-08-26,0.07151295549129344
2020-08-27,0.032860842281415614
2020-08-28,0.023248377856695868
2020-08-29,0.002785046476034836
2020-08-30,0.006995818759854444
2020-08-31,-0.00042569250922497304
2020-09-01,0.2285736239456213
2020-09-02,0.07328996405122723
2020-09-03,0.04932118493474036
2020-09-04,0.055248975599148764
2020-09-05,0.03001952723057144
2020-09-06,0.04149134566722523
2020-09-07,0.031102588657773822
2020-09-08,-0.048601839988698714
2020-09-09,0.005154220155404232
2020-09-10,0.01596409440526969
2020-09-11,0.012577256947338356
2020-09-12,0.022509936459499613
2020-09-13,0.017930509869344746
2020-09-14,0.021935607570910065
2020-09-15,-0.04779540040567554
2020-09-16,-4.000708877341069
2020-09-17,0.7069133464610999
2020-09-18,1.7926349485671267
2020-09-19,0.11515961542740882
2020-09-20,0.40026931241060026
2020-09-21,0.031161566498447257
2020-09-22,0.01782463768133624
2020-09-23,1.485587162979975
2020-09-24,-0.25072619646833516
2020-09-25,-0.6723440011625215
2020-09-26,-0.7011841422680405
2020-09-27,-1.0312472446392036
2020-09-28,-1.0328372156350767
2020-09-29,-0.5540636958034355
2020-09-30,5.801400161925326
2020-10-01,-0.7736823037219125
2020-10-02,-0.34818887531483256
2020-10-03,0.7292896393270425
2020-10-04,0.13655485144995083
2020-10-05,0.7523859703894757
2020-10-06,0.2304952572857033
2020-10-07,-0.16248777424966931
2020-10-08,0.11122237285823644
2020-10-09,-0.4583953846798039
2020-10-10,0.1387239161872813
2020-10-11,0.34598769096262316
2020-10-12,0.33411797756151174
2020-10-13,-1.7151839611990525
2020-10-14,-1.9476594655213475
2020-10-15,-0.1439304414758169
2020-10-16,-0.44338852311440746
2020-10-17,-0.08540657603349189
2020-10-18,0.053249340997069794
2020-10-19,0.06086602576601763
2020-10-20,0.6919199338564468
2020-10-21,-1.5171556744543793
2020-10-22,0.11079277663097997
2020-10-23,0.8786905816466302
2020-10-24,1.019248740179357
2020-10-25,1.4625712705833251
2020-10-26,1.5264969773067136
2020-10-27,1.3758122629028122
2020-10-28,-3.242431482884058
2020-10-29,-0.6440959735172243
2020-10-30,-0.6705889963549936
2020-10-31,-0.9506563407580444
2020-11-01,-0.532799968887943
2020-11-02,-0.8824036019592896
2020-11-03,0.27582209912776534
2020-11-04,1.2898485125474437
2020-11-05,0.29331820321815627
2020-11-06,-0.14452576054720367
2020-11-07,-0.2622946396449066
2020-11-08,-0.4766759180627602
2020-11-09,-0.4891969522242974
2020-11-10,-0.2794011254011721
2020-11-11,0.9819687585781196
2020-11-12,0.1823037649081627
2020-11-13,-0.24431193205199264
2020-11-14,-0.3234057672014288
2020-11-15,-0.5341615303601941
2020-11-16,-0.5449958730535585
2020-11-17,-0.3107115112579777
2020-11-18,1.0694400526431096
2020-11-19,0.19587430876533318
2020-11-20,0.08759760403538763
2020-11-21,0.7842303404041502
2020-11-22,0.8474622345953051
2020-11-23,1.066689069103873
2020-11-24,0.5082889914326287
2020-11-25,0.40610842063795616
2020-11-26,0.368375657882531
2020-11-27,0.30462087069572874
2020-11-28,0.06937725230055491
2020-11-29,-0.03564319037509023
2020-11-30,-0.08114085612621835
2020-12-01,0.014300775269092014
2020-12-02,0.12252456301209236
2020-12-03,0.13770077236109302
2020-12-04,0.16273258327699125
2020-12-05,-0.03453147607185514
2020-12-06,-0.09373441625116641
2020-12-07,-0.13634002112561916
2020-12-08,0.04742718652277489
2020-12-09,0.06459499947590075
2020-12-10,2.0677906828746018
2020-12-11,-2.260274369077102
2020-12-12,0.31931015561095677
2020-12-13,0.9688270890203512
2020-12-14,0.8214772259892769
2020-12-15,-0.3009561979036093
2020-12-16,-0.04128853844396474
2020-12-17,0.4763137147037
2020-12-18,1.2177618663174883
2020-12-19,0.24986921727322198
2020-12-20,-0.09637939764338199
2020-12-21,-0.10088551084685804
2020-12-22,0.4309886581457363
2020-12-23,0.30015747526400816
2020-12-24,-0.761066012643262
2020-12-25,0.8714725837672717
2020-12-26,-0.0008537553910841211
2020-12-27,-0.1811025716045762
2020-12-28,-0.13884916095669553
2020-12-29,0.25135343840795343
2020-12-30,0.18897927847617524
2020-12-31,-0.8462831308353387
2021-01-01,0.7320004798380566
2021-01-02,-0.13342275784515323
2021-01-03,-0.32490532746300715
2021-01-04,-0.28647211800932837
2021-01-05,0.15523811196674586
2021-01-06,0.07838118542527894
2021-01-07,-0.33102458798941115
2021-01-08,0.010369411783131
2021-01-09,-1.0481204149303025
2021-01-10,-1.3481995228778985
2021-01-11,-1.5502357648298926
2021-01-12,1.1972021825732497
2021-01-13,0.04941918319121896
2021-01-14,-0.14249161182294756
2021-01-15,0.06229279002889143
2021-01-16,0.1576514553104431
2021-01-17,0.4180134303529357
2021-01-18,0.3929427687535991
2021-01-19,-0.5838514728242714
2021-01-20,-3.1844524586464047
2021-01-21,-1.073639354401287
2021-01-22,-0.7764031081827625
2021-01-23,-0.49237058994200567
2021-01-24,-0.1174690400566547
2021-01-25,-0.16529254557151063
2021-01-26,-0.8775951636220256
2021-01-27,0.5386639323423381
2021-01-28,-0.12521323442098264
2021-01-29,-0.3133362906547674
2021-01-30,1.1319463056282402
2021-01-31,1.390274354360301
2021-02-01,1.6829364281074461
2021-02-02,0.013040548884994507
2021-02-03,1.141692153645323
2021-02-04,0.539806927193176
2021-02-05,0.3006064253391898
2021-02-06,0.052150586834748935
2021-02-07,-0.2489724583941353
2021-02-08,-0.20652201600820064
2021-02-09,-0.0155803752117194
2021-02-10,1.0695188690696966
2021-02-11,0.39748910075665833
2021-02-12,0.3368571912219167
2021-02-13,0.05150580601780774
2021-02-14,-0.14014085098688867
2021-02-15,-0.13468947412927434
2021-02-16,0.033806333810275646
2021-02-17,0.10817493820464108
2021-02-18,0.10522709085827131
2021-02-19,0.14073201529888024
2021-02-20,-0.19719618518772108
2021-02-21,-0.29120289050737824
2021-02-22,-0.3384193912812208
2021-02-23,0.893899291884729
2021-02-24,-0.7226266067297047
2021-02-25,0.8554560894200733
2021-02-26,-0.6498208002102217
2021-02-27,-0.2324727118930099
2021-02-28,0.08106605843573789
2021-03-01,-0.2181448106709567
2021-03-02,-0.31812219043671064
2021-03-03,0.17805778544857986
2021-03-04,-0.31748736579015
2021-03-05,0.21453216553255317
2021-03-06,0.0812418632219547
2021-03-07,-0.0429806304295397
2021-03-08,0.07367239647114587
2021-03-09,-0.3292185124773894
2021-03-10,0.22147091734456126
2021-03-11,-0.28072025746826057
2021-03-12,0.19507414534719203
2021-03-13,0.058582946312540685
2021-03-14,-0.027534011387800206
2021-03-15,0.058505606597094584
2021-03-16,-1.348585938941632
2021-03-17,-0.08723655069858438
2021-03-18,-0.5165136309755596
2021-03-19,0.9699524887505149
2021-03-20,-0.07257469714552656
2021-03-21,-0.4370927536808793
2021-03-22,-0.3390424496763984
2021-03-23,0.06458517086410609
2021-03-24,-0.01559554884425296
2021-03-25,-0.12729001576420984
2021-03-26,-0.41479189422702234
2021-03-27,-0.1141284591102476
2021-03-28,0.011038524581891807
2021-03-29,-0.0014478053202253705
2021-03-30,0.26104651793058764
2021-03-31,0.007026871787850553
2021-04-01,-0.12142473855087133
2021-04-02,-0.3594188902926305
2021-04-03,-0.06870619572089964
2021-04-04,0.0005188476564370603
2021-04-05,0.01580971978838619
2021-04-06,-1.7002286360881769
2021-04-07,-0.6037012171782123
2021-04-08,-0.3687866589642397
2021-04-09,-0.7895954185886325
2021-04-10,-0.26929401507529604
2021-04-11,-0.288399453206047
2021-04-12,-0.19948863275016748
2021-04-13,0.4654909362194388
2021-04-14,-0.0527304331044931
2021-04-15,-0.09997594087428752
2021-04-16,-0.11353859294599289
2021-04-17,-0.19634137931860352
2021-04-18,-0.16196317526011939
2021-04-19,-0.19805687285126794
2021-04-20,0.4170514980849944
2021-04-21,0.0008175644838317453
2021-04-22,-0.022167185297796266
2021-04-23,-0.03331724468316111
2021-04-24,-0.10312997290465375
2021-04-25,-0.07221171365215184
2021-04-26,-0.10360167872514836
2021-04-27,0.565871363772068
2021-04-28,0.11323708137437194
2021-04-29,0.04646700711642637
2021-04-30,0.06237857922788237
2021-05-01,-0.12313308280871382
2021-05-02,-0.013809832535834232
2021-05-03,-0.03125377919323569
2021-05-04,-0.020550394350010492
2021-05-05,-0.017444033458595243
2021-05-06,1.981217776538017
2021-05-07,0.8833347188437344
2021-05-08,0.7867425844763858
2021-05-09,0.8708633753857882
2021-05-10,0.702070804526933
2021-05-11,0.5892197435514532
2021-05-12,0.4567123274119922
2021-05-13,-0.2637173989804964
2021-05-14,0.09392571246245751
2021-05-15,0.19695917272841257
2021-05-16,0.11530987317195951
2021-05-17,0.1791632433287802
2021-05-18,0.21798945803312364
2021-05-19,0.263709657087567
2021-05-20,-0.34343192633919983
2021-05-21,0.003992096207156237
2021-05-22,0.07647254653274871
2021-05-23,0.023729417792324625
2021-05-24,0.06654016185896694
2021-05-25,0.10348199734148267
2021-05-26,0.13688756719809447
2021-05-27,-4.522711624583835
2021-05-28,2.551768955751868
2021-05-29,0.3296430630068201
2021-05-30,-0.2559943201711974
2021-05-31,0.3612285053517823
2021-06-01,-1.3186176918890737
2021-06-02,-0.1693745678433487
2021-06-03,1.1614070768725497
2021-06-04,-1.2076492626284008
2021-06-05,-0.3358441270124217
2021-06-06,-0.1343097989568136
2021-06-07,-0.3224500246688322
2021-06-08,0.3092306286737525
2021-06-09,-0.0951771711179461
2021-06-10,1.1559840981901033
2021-06-11,-0.8902480558327568
2021-06-12,-0.2261947432738225
2021-06-13,-0.05584696103060338
2021-06-14,-0.2346773316312749
2021-06-15,0.284217496061153
2021-06-16,-0.051185200007346054
2021-06-17,1.3064565841491387
2021-06-18,-0.9230633318720791
2021-06-19,-0.1913549597754951
2021-06-20,-0.007384543290577028
2021-06-21,-0.1997197517625935
2021-06-22,0.366218697322239
2021-06-23,0.0006087043415732296
2021-06-24,0.05253735670857651
2021-06-25,0.013964028978627141
2021-06-26,0.0036845843988402294
2021-06-27,0.00682131204896308
2021-06-28,-0.0011850302584335282
2021-06-29,0.002415381138092698
2021-06-30,-0.0007211553937764847
2021-07-01,0.03614074236330822
2021-07-02,0.01124622039488088
2021-07-03,0.007826124269548984
2021-07-04,0.008576664910052045
2021-07-05,0.004720917423561843
2021-07-06,1.0064693089836254
2021-07-07,0.3296686123839834
2021-07-08,0.2077739301576358
2021-07-09,0.24509762643673128
2021-07-10,0.13440381464489803
2021-07-11,0.18519400761961435
2021-07-12,0.14063816771951565
2021-07-13,-0.2116389753097252
2021-07-14,0.026144428095406624
2021-07-15,0.06298515541798366
2021-07-16,0.05538525473871658
2021-07-17,0.10028998991190008
2021-07-18,0.07982905715776667
2021-07-19,0.09866978129785053
2021-07-20,-0.20957193927837636
2021-07-21,-0.0013041189259155317
2021-07-22,0.01701419089140188
2021-07-23,0.017913616407014388
2021-07-24,0.05203823224325532
2021-07-25,0.03678064133470116
2021-07-26,0.051691845166367045
2021-07-27,-0.2826888603446349
2021-07-28,-0.05669223091255304
2021-07-29,-0.023157286788702436
2021-07-30,-0.031215972461687613
2021-07-31,0.004934749175035336
2021-08-01,0.05931226908847975
2021-08-02,0.026432047826880023
2021-08-03,-1.9883148364204075
2021-08-04,1.368946279783657
2021-08-05,0.22721322229092067
2021-08-06,-0.044497692388560495
2021-08-07,0.5675538380080312
2021-08-08,0.32387148506139596
2021-08-09,0.607155764167814
2021-08-10,-0.030378050998002948
2021-08-11,-0.5980090698427247
2021-08-12,-0.11732821286926054
2021-08-13,-0.05802242884068676
2021-08-14,-0.17742670495243829
2021-08-15,-0.17594563024424303
2021-08-16,-0.2131156234048106
2021-08-17,0.8813323036584535
2021-08-18,-0.36178222890839606
2021-08-19,-0.04900070279671098
2021-08-20,0.053106709029279386
2021-08-21,-0.17320619305842655
2021-08-22,-0.10826229139579624
2021-08-23,-0.19042256030015636
2021-08-24,0.8914784980537576
2021-08-25,-0.41675689108468106
2021-08-26,-0.05733471877213958
2021-08-27,0.04313702167000599
2021-08-28,-0.18936295304887807
2021-08-29,-0.10102675931032223
2021-08-30,-0.2020490224901863
2021-08-31,0.25919516023005684
2021-09-01,0.1582242151056903
2021-09-02,1.0562983625005415
2021-09-03,0.3797713815138408
2021-09-04,0.2388911683309658
2021-09-05,0.2723066156072491
2021-09-06,0.15102806737105823
2021-09-07,0.20432648263994224
2021-09-08,0.10831028221939931
2021-09-09,-0.2105183701157074
2021-09-10,0.031271841222931585
2021-09-11,0.07779146753016875
2021-09-12,0.0680495626958475
2021-09-13,0.10948177589838082
2021-09-14,0.09143757874399228
2021-09-15,0.06992679940110946
2021-09-16,-0.21131720708311974
2021-09-17,0.0003171924440792395
2021-09-18,0.029548229753757482
2021-09-19,0.02666289727712723
2021-09-20,0.057683101182732344
2021-09-21,0.04445421970966379
2021-09-22,0.015533797500083324
2021-09-23,-0.2895231052871736
2021-09-24,-0.05974974064528027
2021-09-25,-0.027015609377222916
2021-09-26,-0.030626810896706047
2021-09-27,0.0035017814709163986
2021-09-28,-0.011078362879324288
2021-09-29,0.5029847063632218
2021-09-30,0.15899063617374765
2021-10-01,0.20087243988706405
2021-10-02,0.15110320704198443
2021-10-03,0.08611704808604514
2021-10-04,0.11386425159850688
2021-10-05,0.08079068029029912
2021-10-06,-0.09040825914161132
2021-10-07,0.024001782386882553
2021-10-08,0.015472955379969733
2021-10-09,0.029843329075006864
2021-10-10,0.05615051075100297
2021-10-11,0.044671438721948675
2021-10-12,0.057543552258373154
2021-10-13,-0.09817247954348574
2021-10-14,0.007347212808532788
2021-10-15,-0.005912293563142157
2021-10-16,0.009674665472729771
2021-10-17,0.028913340749724625
2021-10-18,0.020778099193023536
2021-10-19,0.030623695603821943
2021-10-20,-0.1376525748145525
2021-10-21,-0.02366441446009304
2021-10-22,-0.037502501506800456
2021-10-23,-0.020860509171036767
2021-10-24,0.00036466622717767905
2021-10-25,-0.008636267046512103
2021-10-26,0.002177405462560955
2021-10-27,-0.002845197750168893
2021-10-28,0.0009428001610345405
2021-10-29,-0.0008239096898066123
2021-10-30,0.0002987147804631718
2021-10-31,-0.0002170033992996423
2021-11-01,0.10630487238700681
2021-11-02,0.034449208892233685
2021-11-03,0.0228969409249018
2021-11-04,0.02593788111504125
2021-11-05,0.014016138482105589
2021-11-06,0.019460946099343346
2021-11-07,0.014566316270453683
2021-11-08,-0.02277918448454841
2021-11-09,0.0024131930558795034
2021-11-10,0.0074837791280515376
2021-11-11,0.005895018848974587
2021-11-12,0.5105516330213291
2021-11-13,0.0041390659731632695
2021-11-14,-0.10283247972622434
2021-11-15,-0.15695416819394836
2021-11-16,-0.0651212187326351
2021-11-17,-0.004112001142296151
2021-11-18,-0.022561139682025555
2021-11-19,-0.17698259383048764
2021-11-20,-0.0022684281471399004
2021-11-21,0.04979925159279475
2021-11-22,0.017974683437977035
2021-11-23,0.01885410199764692
2021-11-24,-0.0004318078763887456
2021-11-25,0.006086366804971988
2021-11-26,-0.1508047367483556
2021-11-27,0.0030444684763182295
2021-11-28,0.03341054611964012
2021-11-29,0.04075551017800905
2021-11-30,0.019258824824248677
2021-12-01,-0.026119274983877006
2021-12-02,-0.0018479919838654268
2021-12-03,-0.17097747464172386
2021-12-04,-0.0031706486418983104
2021-12-05,0.032671636139141924
2021-12-06,0.0395362332823197
2021-12-07,0.017116959700565815
2021-12-08,0.008536611094861257
2021-12-09,0.00737735310484311
2021-12-10,-0.0032626869932741442
2021-12-11,0.0009952492434877058
2021-12-12,-0.0034960445564777842
2021-12-13,-0.0015065029945233732
2021-12-14,-0.002972535447575808
2021-12-15,0.00616725102265292
2021-12-16,2.433273694180116e-05
2021-12-17,-0.0007182790982227516
2021-12-18,-0.000580103830237988
2021-12-19,-0.0014866794181429555
2021-12-20,-0.0010765951288504993
2021-12-21,-0.0014571297270009609
2021-12-22,0.007995400287903465
2021-12-23,0.0016097171429123591
2021-12-24,0.000652299890084862
2021-12-25,0.0008855446963309532
2021-12-26,-0.00014077860470251835
2021-12-27,0.00032623261470376974
2021-12-28,-9.743162560482688e-05
2021-12-29,0.0001011204016876377
2021-12-30,-3.547005343307319e-05
2021-12-31,2.805697041452504e-05
2022-01-01,-0.03541844400796634
2022-01-02,-0.011493472365295077
2022-01-03,-0.007628526689650528
2022-01-04,-0.008648195197913822
2022-01-05,-0.004671282640117624
2022-01-06,-0.006487409878253914
2022-01-07,-0.004855311758007019
2022-01-08,0.007592993695077155
2022-01-09,-0.000804384529708102
2022-01-10,-0.002494599548320764
2022-01-11,-0.0019650077981623326
2022-01-12,-0.0035172101006821777
2022-01-13,-0.002801610187496806
2022-01-14,-0.0034274407460728185
2022-01-15,0.007468035306196441
2022-01-16,0.00011076317487379583
2022-01-17,-0.0009563435714738944
2022-01-18,-0.0007055157925464073
2022-01-19,-0.0018714469619141028
2022-01-20,-0.001341522909548587
2022-01-21,-0.0018240767641302114
2022-01-22,-0.15667164353838814
2022-01-23,-0.2187886281483742
2022-01-24,-0.2558799893997872
2022-01-25,-0.12963707057296148
2022-01-26,-0.09877127598485913
2022-01-27,-0.09283044091470316
2022-01-28,0.42450159745678206
2022-01-29,-0.02179085297908756
2022-01-30,-0.10405871588175586
2022-01-31,-0.11430324276427228
2022-02-01,-0.11082445142099573
2022-02-02,-0.051419622801503806
2022-02-03,-0.06824873244597995
2022-02-04,-0.233660688470259
2022-02-05,0.163402437600503
2022-02-06,0.2807756629757492
2022-02-07,0.33291402920006163
2022-02-08,-0.3471121497820704
2022-02-09,-0.07890498677901547
2022-02-10,-0.02498147245925253
2022-02-11,-0.22298997353848193
2022-02-12,-0.013999721342059956
2022-02-13,-0.021420636173850482
2022-02-14,0.010660297927607587
2022-02-15,0.17412218928473067
2022-02-16,0.036787714206141686
2022-02-17,0.016806539767813433
2022-02-18,0.35337242637952215
2022-02-19,-0.05520695406592324
2022-02-20,-0.13679463405155445
2022-02-21,-0.16994021537851012
2022-02-22,0.07486354759964797
2022-02-23,0.01502913808776185
2022-02-24,-0.011262341897150918
2022-02-25,-0.1694169177509366
2022-02-26,-0.06241382707377596
2022-02-27,-0.022975874416907516
2022-02-28,-0.037492984600717705
2022-03-01,0.19693043799075838
2022-03-02,0.03846803841648949
2022-03-03,0.025254514095053082
2022-03-04,-0.12407162778012548
2022-03-05,0.006370420859106218
2022-03-06,0.048081947095859334
2022-03-07,0.045658628153752545
2022-03-08,0.010387101791835107
2022-03-09,0.0026661290840550578
2022-03-10,0.011336374409054883
2022-03-11,-0.1623186060444084
2022-03-12,0.008798619322888612
2022-03-13,0.040281410805626194
2022-03-14,0.04955419877835254
2022-03-15,0.5105347276400423
2022-03-16,0.164714371153309
2022-03-17,-0.3829570026778839
2022-03-18,-0.04053359043853533
2022-03-19,-0.03654357758816218
2022-03-20,-0.029335095302357672
2022-03-21,0.0058939905435053674
2022-03-22,-0.21305819981705554
2022-03-23,0.4401744410732533
2022-03-24,-0.1963581251540134
2022-03-25,-0.03982871333747795
2022-03-26,0.029130807826327043
2022-03-27,-0.04493706214063309
2022-03-28,0.024558744970072155
2022-03-29,-0.16824706424685587
2022-03-30,-0.22568267652784613
2022-03-31,0.7374914410438151
2022-04-01,0.26154834092989176
2022-04-02,-0.032848847919190405
2022-04-03,-0.05402375521421021
2022-04-04,-0.18594759735253774
2022-04-05,-0.18196827348921119
2022-04-06,-0.2263782576461253
2022-04-07,0.04179872873421431
2022-04-08,-0.04983993351781635
2022-04-09,0.029481379672496644
2022-04-10,0.06767466899943742
2022-04-11,0.06516744998338453
2022-04-12,0.03190269614649566
2022-04-13,-0.15209729418058515
2022-04-14,-0.02425632946965095
2022-04-15,-0.0444336132330605
2022-04-16,0.015391896871356892
2022-04-17,0.0492031948792615
2022-04-18,0.050721923529728485
2022-04-19,0.02245335459272013
2022-04-20,0.008059619653316474
2022-04-21,-0.1538990918397829
2022-04-22,-0.07122387161349764
2022-04-23,0.017686730098880332
2022-04-24,0.0305236156653379
2022-04-25,0.06101931973626051
2022-04-26,0.01299967713062955
2022-04-27,0.009246170036398382
2022-04-28,0.004718539996105164
2022-04-29,0.0009249087229434849
2022-04-30,0.0015223775448518495
2022-05-01,-0.0354732269707938
2022-05-02,-0.011052212643704706
2022-05-03,-0.007699509828107409
2022-05-04,-0.0085274736861507
2022-05-05,-0.004698571730997969
2022-05-06,-0.006456582371832553
2022-05-07,-0.004863263851966337
2022-05-08,0.007600350035971815
2022-05-09,-0.0008063525893078349
2022-05-10,-0.0024929682706016365
2022-05-11,-0.001965428277358683
2022-05-12,-0.003516879303631981
2022-05-13,-0.0028016843120965973
2022-05-14,-0.003427381753148495
2022-05-15,0.007468026701744179
2022-05-16,0.00011077142747950575
2022-05-17,-0.0009563429982293314
2022-05-18,-0.0007055153519175406
2022-05-19,-0.0018714461517888026
2022-05-20,-0.0013415231704243524
2022-05-21,-0.0018240764153887312
2022-05-22,0.009995022986302615
2022-05-23,0.002011674158097776
2022-05-24,0.0008154786995007157
2022-05-25,0.0011068668415958882
2022-05-26,-0.00017597172356431656
2022-05-27,0.00040778841243138686
2022-05-28,-0.0001217951359677727
2022-05-29,0.0001264030602925459
2022-05-30,-4.4340288177124876e-05
2022-05-31,3.5072507884592596e-05
2022-06-01,-0.08499231680054464
2022-06-02,-0.027592529769712826
2022-06-03,-0.018305406392634893
2022-06-04,-0.020757585306746762
2022-06-05,-0.011210381662458246
2022-06-06,-0.01557019327593423
2022-06-07,-0.011652608900782013
2022-06-08,0.01822310706590713
2022-06-09,-0.001930500032649718
2022-06-10,-0.005987051061353554
2022-06-11,-0.004716016469842543
2022-06-12,-0.008441305340369354
2022-06-13,-0.006723864778301447
2022-06-14,-0.008225857597729203
2022-06-15,0.01792328444652469
2022-06-16,0.00026583177039185557
2022-06-17,-0.0022952246863781056
2022-06-18,-0.001693237844477835
2022-06-19,-0.004491472744895475
2022-06-20,-0.0032196549652923068
2022-06-21,-0.004377784243963845
2022-06-22,0.023988055512596418
2022-06-23,0.004828017700475584
2022-06-24,0.0019571489982581625
2022-06-25,0.0026564803399011794
2022-06-26,-0.00042233210217546
2022-06-27,0.000978692169127271
2022-06-28,-0.00029230831756166253
2022-06-29,1.0003033673397965
2022-06-30,0.3246953964581323
2022-07-01,0.2012919485949638
2022-07-02,0.2396593999612051
2022-07-03,0.1288810507938294
2022-07-04,0.17976062326886222
2022-07-05,0.13525781430888628
2022-07-06,-0.21703757847846106
2022-07-07,0.020775990347210893
2022-07-08,0.07348999212053542
2022-07-09,0.05517447238543127
2022-07-10,0.09833574411917567
2022-07-11,0.07833756883407972
2022-07-12,0.09539144501183472
2022-07-13,-0.21203410422971558
2022-07-14,-0.004499170709408418
2022-07-15,0.02999642731578689
2022-07-16,0.01996959663164688
2022-07-17,0.05247117306934257
2022-07-18,0.03760530217427771
2022-07-19,0.050767294494121984
2022-07-20,-0.2828176809969918
2022-07-21,-0.0575436568034462
2022-07-22,-0.019032874449798953
2022-07-23,-0.030455643145756994
2022-07-24,0.005296013189244775
2022-07-25,-0.011074079825135641
2022-07-26,0.0033693692899063876
2022-07-27,-0.0034067804065784912
2022-07-28,0.0012035475672149687
2022-07-29,-0.0009399622467185509
2022-07-30,0.00034912394917085976
2022-07-31,-0.0002376007557316484
2022-08-01,0.07798640080741848
2022-08-02,0.02524603302369144
2022-08-03,0.016796969850062737
2022-08-04,0.019017955335812076
2022-08-05,0.010279463756468488
2022-08-06,0.014270874601173489
2022-08-07,0.01068206004705985
2022-08-08,-0.016704776371888386
2022-08-09,0.0017696613163522557
2022-08-10,0.005488113781197512
2022-08-11,0.004323001809851235
2022-08-12,0.007737870719637385
2022-08-13,0.006163534331996345
2022-08-14,0.007540373815018597
2022-08-15,-0.01642968052242111
2022-08-16,-0.00024367756900289805
2022-08-17,0.00210395501247973
2022-08-18,0.0015521351495451086
2022-08-19,0.004117183092638754
2022-08-20,0.002951350504751815
2022-08-21,0.0040129688272756425
2022-08-22,-0.021989050858266523
2022-08-23,-0.004425682906166628
2022-08-24,-0.0017940532424134403
2022-08-25,-0.002435106981046431
2022-08-26,0.00038713776142884626
2022-08-27,-0.0008971344888379917
2022-08-28,0.000267949291249181
2022-08-29,-0.00027808672820128777
2022-08-30,9.754863214794796e-05
2022-08-31,-7.715951635844931e-05
2022-09-01,0.07084468339439098
2022-09-02,0.022981598191094577
2022-09-03,0.015259048289834709
2022-09-04,0.017295139925771252
2022-09-05,0.009343019838460975
2022-09-06,0.012974552554297247
2022-09-07,0.009710714425118283
2022-09-08,-0.015186038152087633
2022-09-09,0.0016087839649046032
2022-09-10,0.004989191171368645
2022-09-11,0.003930017062998559
2022-09-12,0.007034419484043042
2022-09-13,0.005603220161212619
2022-09-14,0.00685488161780512
2022-09-15,-0.014936070800416701
2022-09-16,-0.0002215262514511096
2022-09-17,0.0019126870680352681
2022-09-18,0.0014110316226947361
2022-09-19,0.003742893900160027
2022-09-20,0.002683045830600861
2022-09-21,0.0036481535216879024
2022-09-22,-0.019990046253468563
2022-09-23,-0.004023348087478951
2022-09-24,-0.0016309574968502716
2022-09-25,-0.0022137336174381517
2022-09-26,0.00035194341884903224
2022-09-27,-0.0008155768077813264
2022-09-28,0.00024359026470222034
2022-09-29,-0.00025280611652789275
2022-09-30,8.86805746773689e-05
2022-10-01,-0.021314976764820415
2022-10-02,-0.006874380271277403
2022-10-03,-0.004593340008021585
2022-10-04,-0.005183269033125271
2022-10-05,-0.002806573620333097
2022-10-06,-0.003891144822205206
2022-10-07,-0.0029140048588658374
2022-10-08,0.004556058558890186
2022-10-09,-0.0004827879666180479
2022-10-10,-0.001496716401597098
2022-10-11,-0.0011790299162370843
2022-10-12,-0.0021103217487308257
2022-10-13,-0.0016809686733836315
2022-10-14,-0.002056465060277901
2022-10-15,0.004480821452361283
2022-10-16,6.645735675903097e-05
2022-10-17,-0.0005738058751845188
2022-10-18,-0.0004233096951367088
2022-10-19,-0.0011228680707802141
2022-10-20,-0.0008049138154504476
2022-10-21,-0.0010944460253980992
2022-10-22,0.005997013857566458
2022-10-23,0.001207004434711223
2022-10-24,0.0004892872443988949
2022-10-25,0.000664120087300546
2022-10-26,-0.00010558302673047137
2022-10-27,0.0002446730427863031
2022-10-28,-7.307707963377652e-05
2022-10-29,7.584183504860675e-05
2022-10-30,-2.6604172447264318e-05
2022-10-31,2.10435044820656e-05
2022-11-01,-0.06374228913019664
2022-11-02,-0.02069573378531686
2022-11-03,-0.013728556176609175
2022-11-04,-0.015568501546759705
2022-11-05,-0.008407672636131736
2022-11-06,-0.011677711744525254
2022-11-07,-0.008739433955220477
2022-11-08,0.013667317611940177
2022-11-09,-0.0014478712996179866
2022-11-10,-0.004490290276727649
2022-11-11,-0.003537011985997651
2022-11-12,-0.006330979184504315
2022-11-13,-0.005042898637213966
2022-11-14,-0.006169393166864268
2022-11-15,0.013442463287880457
2022-11-16,0.0001993738523680122
2022-11-17,-0.0017214185335134857
2022-11-18,-0.001269928373957896
2022-11-19,-0.0033686045645922036
2022-11-20,-0.0024147412210950847
2022-11-21,-0.0032833381846089083
2022-11-22,0.017991041635212923
2022-11-23,0.0036210132749445734
2022-11-24,0.001467861748878363
2022-11-25,0.0019923602548317376
2022-11-26,-0.00031674907658896245
2022-11-27,0.000734019126824137
2022-11-28,-0.00021923123816236512
2022-11-29,0.0002275255048473923
2022-11-30,-7.981251720678983e-05
2022-12-01,-0.09907941765304429
2022-12-02,-0.03222506104555123
2022-12-03,-0.02133639182351743
2022-12-04,-0.02422559734640828
2022-12-05,-0.013074144167070756
2022-12-06,-0.018167108275918054
2022-12-07,-0.01359373221944793
2022-12-08,0.02125992025199963
2022-12-09,-0.002252068816979147
2022-12-10,-0.006984953008831951
2022-12-11,-0.005501992596720129
2022-12-12,-0.009848195354301481
2022-12-13,-0.007844507173366821
2022-12-14,-0.009596832977656788
2022-12-15,0.02091049777815357
2022-12-16,0.00031013782068356477
2022-12-17,-0.002677762574613496
2022-12-18,-0.0019754438540786623
2022-12-19,-0.0052400516945354525
2022-12-20,-0.003756264032787726
2022-12-21,-0.00510741499854106
2022-12-22,0.027986064790368914
2022-12-23,0.005632687304775175
2022-12-24,0.00228334050434853
2022-12-25,0.003099227060253895
2022-12-26,-0.0004927207844360737
2022-12-27,0.0011418075300113628
2022-12-28,-0.0003410263701866256
2022-12-29,0.00035392856297278286
2022-12-30,-3.0001241528044886
2022-12-31,0.0256927635775952
2023-01-01,0.5582650745585411
2023-01-02,0.7682232706375629
2023-01-03,0.36279632333249623
2023-01-04,0.01248249102210508
2023-01-05,0.13218370229205334
2023-01-06,1.073524449445884
2023-01-07,0.021249909571473324
2023-01-08,-0.24014594269763023
2023-01-09,-0.2904934262233567
2023-01-10,-0.15781638221842798
2023-01-11,-0.018768796906812213
2023-01-12,-0.06840031764103571
2023-01-13,0.8984704366537173
2023-01-14,-0.037260300682604
2023-01-15,-0.17287964426895996
2023-01-16,-0.2464317213355045
2023-01-17,-0.11800639190636986
2023-01-18,-0.016273062929940352
2023-01-19,-0.050244030333260525
2023-01-20,0.9845391304525464
2023-01-21,-0.028637473172715033
2023-01-22,-0.18450349471770977
2023-01-23,-0.26150535171603195
2023-01-24,-0.1232420598294297
2023-01-25,-0.011007548010795176
2023-01-26,-0.04872489534030677
2023-01-27,0.008988920984833726
2023-01-28,-0.015817864650145452
2023-01-29,0.004523468632186223
2023-01-30,-0.004559490786597564
2023-01-31,0.0015027380153540548
2023-02-01,-0.17824136400281532
2023-02-02,-0.05708704408368703
2023-02-03,-0.03842141215923078
2023-02-04,-0.29314808057739583
2023-02-05,-0.35461928026529677
2023-02-06,-0.41746025846401835
2023-02-07,-0.47040516385269626
2023-02-08,-0.19112478283368972
2023-02-09,-0.197724268047331
2023-02-10,-0.18661012201489058
2023-02-11,-0.06928009255001655
2023-02-12,-0.04974253721914579
2023-02-13,-0.017970715717936514
2023-02-14,-0.0006936165340292177
2023-02-15,-0.02465977294450994
2023-02-16,-0.07554779401811373
2023-02-17,-0.08746959616661343
2023-02-18,-0.01961309832717717
2023-02-19,0.00017271315579847624
2023-02-20,0.015850911433673787
2023-02-21,0.032656405254776644
2023-02-22,0.025810110310551693
2023-02-23,-0.02436056049534585
2023-02-24,-0.03646820211358914
2023-02-25,0.04054032892553039
2023-02-26,0.061543070527591226
2023-02-27,0.079691469093909
2023-02-28,0.09773759795012182
2023-03-01,-0.16403762024592794
2023-03-02,-0.04711538995353237
2023-03-03,-0.03241243266813143
2023-03-04,0.288228414554375
2023-03-05,0.41902217308191325
2023-03-06,0.4783074779290075
2023-03-07,-1.7639844121801858
2023-03-08,1.5884907527041747
2023-03-09,0.4011921037103434
2023-03-10,0.07940435851505612
2023-03-11,0.24950278728953634
2023-03-12,-0.13984194575300535
2023-03-13,0.03667424238241068
2023-03-14,0.7341680084010775
2023-03-15,-0.3588911303907878
2023-03-16,-0.01689040437777578
2023-03-17,0.11650242179391057
2023-03-18,0.23018433125482574
2023-03-19,0.4328339856524579
2023-03-20,0.4084529657414393
2023-03-21,0.8816635709792777
2023-03-22,-1.1311440609624341
2023-03-23,0.8491517039640613
2023-03-24,-0.6738255036485796
2023-03-25,-0.10925763146824607
2023-03-26,0.2535319694464988
2023-03-27,0.03159476509450343
2023-03-28,0.8551418448405741
2023-03-29,-0.026073890063230465
2023-03-30,-0.19022603809587224
2023-03-31,0.42482202330266716
2023-04-01,-0.26590014096338166
2023-04-02,-0.20488081006092074
2023-04-03,-0.21331741478445565
2023-04-04,-0.08878004741880119
2023-04-05,0.29991517746394436
2023-04-06,-0.22278172252089234
2023-04-07,0.2889990350632843
2023-04-08,-0.020449093295134446
2023-04-09,-0.20025163079642994
2023-04-10,-0.20217073786389506
2023-04-11,-0.10047613869120653
2023-04-12,0.29240069429993554
2023-04-13,-0.2689802529062888
2023-04-14,0.275015520732083
2023-04-15,0.04017688235776973
2023-04-16,-0.10804036642667825
2023-04-17,-0.07961210654139705
2023-04-18,-0.06084373682969613
2023-04-19,-0.009060181499549458
2023-04-20,-0.02857552247655093
2023-04-21,-5.005874878783779
2023-04-22,0.0941555434431649
2023-04-23,1.1447821470869073
2023-04-24,1.3484196469248815
2023-04-25,0.6549194672315437
2023-04-26,0.0683246510375426
2023-04-27,0.24930388061635966
2023-04-28,1.8251526219557235
2023-04-29,0.06370104350338579
2023-04-30,-0.44355142503497547
2023-05-01,-0.6918346098824273
2023-05-02,-0.3179748904910724
2023-05-03,-0.06584847328385024
2023-05-04,-0.14598890698385958
2023-05-05,1.4853146952140932
2023-05-06,-0.08160941482761785
2023-05-07,-0.35958017895844563
2023-05-08,-0.3657905117664484
2023-05-09,-0.1960837511703133
2023-05-10,-0.03809164651680419
2023-05-11,-0.08492514889858427
2023-05-12,1.6273972363074023
2023-05-13,-0.0542023448102924
2023-05-14,-0.38470892939893275
2023-05-15,-0.40243353053585906
2023-05-16,-0.20935989738381267
2023-05-17,-0.030356221718250254
2023-05-18,-0.08444407954832656
2023-05-19,0.0014420516625719415
2023-05-20,-0.033722072456086494
2023-05-21,-0.004121630365098383
2023-05-22,0.05262224917777303
2023-05-23,-0.9856241366366305
2023-05-24,-0.32183716412928476
2023-05-25,0.7919129747731262
2023-05-26,0.0789872140248491
2023-05-27,0.08606462027066186
2023-05-28,0.06022671871569685
2023-05-29,-0.0044188841394330325
2023-05-30,0.39738184222620987
2023-05-31,0.11462070286333415
2023-06-01,-0.47617904302076397
2023-06-02,-1.0948279667851537
2023-06-03,-0.3948824179679775
2023-06-04,-0.28569526038990745
2023-06-05,-0.2669817208495786
2023-06-06,0.12309567788926046
2023-06-07,-0.10952093295701104
2023-06-08,-0.33404147433545717
2023-06-09,0.18704346055544363
2023-06-10,-0.06203231798033926
2023-06-11,-0.09902644552575879
2023-06-12,-0.0731511124939388
2023-06-13,0.20570623894677453
2023-06-14,0.010698179051814805
2023-06-15,-0.31572113206189556
2023-06-16,0.1859578703404665
2023-06-17,-0.03003676509423059
2023-06-18,-0.05056248541593078
2023-06-19,-0.02850104036220813
2023-06-20,-0.06804486545853905
2023-06-21,-0.0455500303251668
2023-06-22,-0.00012212085628959812
2023-06-23,0.2940295173263934
2023-06-24,0.06047871757845513
2023-06-25,0.029280944249002516
2023-06-26,0.030117286156496448
2023-06-27,0.9973047252625165
2023-06-28,0.3356146704183942
2023-06-29,0.21263092721779486
2023-06-30,0.24761108759179962
2023-07-01,0.26589895392577034
2023-07-02,0.5613441542368847
2023-07-03,0.6074890463730114
2023-07-04,-0.0011586670563730195
2023-07-05,0.19366926774473114
2023-07-06,0.22065287472346995
2023-07-07,0.1790411751185701
2023-07-08,0.1771687836379101
2023-07-09,0.05641441350596921
2023-07-10,0.04240728589577003
2023-07-11,-0.17236272857692825
2023-07-12,0.052270066467407617
2023-07-13,0.08930453264380134
2023-07-14,0.09248350023060681
2023-07-15,0.08301085323992652
2023-07-16,-0.0005733290791098966
2023-07-17,-0.016183791359480892
2023-07-18,-0.27162986100977804
2023-07-19,-0.03403138761024849
2023-07-20,0.006345423066356659
2023-07-21,0.005943889178297468
2023-07-22,-0.0033506126970266337
2023-07-23,-0.0961111931502927
2023-07-24,-0.11270222172966982
2023-07-25,-0.03440651574749154
2023-07-26,0.9838263657517388
2023-07-27,0.3134924655509437
2023-07-28,0.21402005409649405
2023-07-29,0.2408647213213726
2023-07-30,0.13212963182078852
2023-07-31,0.1822633837753429
2023-08-01,-0.03976099869662164
2023-08-02,-0.2721980980163039
2023-08-03,-0.015356973797580054
2023-08-04,0.027140955033154057
2023-08-05,-0.30117543520815815
2023-08-06,-0.3747203445732481
2023-08-07,-0.45853976446839084
2023-08-08,1.8732719686821468
2023-08-09,0.2374784458102397
2023-08-10,0.2286636800189612
2023-08-11,0.35501271047541394
2023-08-12,0.2308561711636372
2023-08-13,0.4235036148806586
2023-08-14,0.33541595150204984
2023-08-15,-0.3895806630371297
2023-08-16,-2.3113875419954866
2023-08-17,-0.64827740325984
2023-08-18,4.561939736480674
2023-08-19,1.6384743779798043
2023-08-20,1.4502259482256008
2023-08-21,1.603691529361889
2023-08-22,0.26378162433535834
2023-08-23,0.5091839924046369
2023-08-24,0.5243053197144079
2023-08-25,-3.2807520619986477
2023-08-26,0.9801551631094441
2023-08-27,1.954170859216724
2023-08-28,2.1971793237379558
2023-08-29,0.7321713237454901
2023-08-30,0.6290876064849868
2023-08-31,0.8455572415786037
2023-09-01,-0.344433290722435
2023-09-02,0.05843341124034396
2023-09-03,-0.08979878213015269
2023-09-04,-0.1323604291462246
2023-09-05,-2.776321088588446
2023-09-06,0.6255808085323125
2023-09-07,0.10081086353901014
2023-09-08,-1.081186253047811
2023-09-09,-0.7779756254069881
2023-09-10,-1.2017223205837908
2023-09-11,-1.1835067909401644
2023-09-12,0.4766679453981979
2023-09-13,-3.4891217206429133
2023-09-14,2.6951070844949
2023-09-15,1.178109904311043
2023-09-16,-0.6196875152552437
2023-09-17,-0.326464245084253
2023-09-18,-1.128108039247472
2023-09-19,0.5721620612013538
2023-09-20,-0.33045956358943585
2023-09-21,0.3347068707933545
2023-09-22,-0.9124542152090882
2023-09-23,-0.19414140007697256
2023-09-24,0.06900598546467052
2023-09-25,-0.017692395597116217
2023-09-26,0.9582620994971123
2023-09-27,2.105711168283179
2023-09-28,-1.200944840479167
2023-09-29,0.2430809180751936
2023-09-30,0.05159484248279966
2023-10-01,-0.4356751660388696
2023-10-02,-0.06008593865116296
2023-10-03,-1.1637205016071164
2023-10-04,1.5779107813105355
2023-10-05,-1.5700488846427163
2023-10-06,0.8319435548239937
2023-10-07,0.20988541784175396
2023-10-08,-0.21009748310656562
2023-10-09,0.11726084990710461
2023-10-10,0.20947283543304707
2023-10-11,0.84251895060153
2023-10-12,-0.4343745848116214
2023-10-13,-0.011711797393353152
2023-10-14,-0.08883430198358155
2023-10-15,-0.11713143607302356
2023-10-16,-0.09865011689018388
2023-10-17,0.23454088289602026
2023-10-18,0.0877811055733062
2023-10-19,0.03562978675613948
2023-10-20,-0.23005741651918044
2023-10-21,-0.07219536205321475
2023-10-22,0.037688008286366426
2023-10-23,-0.024493189017405825
2023-10-24,0.3396508462056218
2023-10-25,0.0992474037436537
2023-10-26,0.07393367868458967
2023-10-27,-0.24927229294036835
2023-10-28,-0.06229933103871588
2023-10-29,-0.010959793386852823
2023-10-30,-0.03489510148646957
2023-10-31,0.008695882687931089
2023-11-01,-0.12613316120928886
2023-11-02,-0.0323314629296263
2023-11-03,-0.028354685516994493
2023-11-04,-0.02616615279384149
2023-11-05,-0.016034077112742295
2023-11-06,-0.020333080683528237
2023-11-07,-0.01581034651329105
2023-11-08,0.024404217297608
2023-11-09,-0.002637216994052949
2023-11-10,-0.007958908300388146
2023-11-11,-0.006301308495075375
2023-11-12,-0.011250417989920436
2023-11-13,-0.00896761033299498
2023-11-14,-0.010967075439559437
2023-11-15,0.023897350595241562
2023-11-16,-4.999645495035423
2023-11-17,-1.6270693898441593
2023-11-18,-1.0791126440643524
2023-11-19,-1.2274426977492965
2023-11-20,-0.663842956526473
2023-11-21,-0.9219797698934116
2023-11-22,-0.6536213498237089
2023-11-23,3.078640630451666
2023-11-24,0.5386281671061113
2023-11-25,0.08201803973159372
2023-11-26,0.21053844471940408
2023-11-27,-0.23154328672794833
2023-11-28,-0.029550349908014084
2023-11-29,2.7906549812457584
2023-11-30,1.5999495564731134
2023-12-01,0.657728917819064
2023-12-02,0.7225903406073542
2023-12-03,0.3964479176998452
2023-12-04,0.47196393472604115
2023-12-05,0.3736405105634475
2023-12-06,-0.7163899556437485
2023-12-07,1.0509335857741746
2023-12-08,0.4998029070186476
2023-12-09,-2.165464947872273
2023-12-10,-2.821343978341325
2023-12-11,3.9650459437340544
2023-12-12,-4.106315410449902
2023-12-13,-2.0384858443328895
2023-12-14,-1.204142969717168
2023-12-15,-1.39118456971066
2023-12-16,0.4687133744811689
2023-12-17,0.3416391558101779
2023-12-18,-1.8668615541971434
2023-12-19,0.9993397998296629
2023-12-20,-0.9899408010961253
2023-12-21,-0.7011713489647349
2023-12-22,-0.27314873774216153
2023-12-23,0.09127024700006814
2023-12-24,0.6402749241933137
2023-12-25,-1.6317691694173249
2023-12-26,0.9318526157821267
2023-12-27,-0.0415172873114642
2023-12-28,-0.258643430062115
2023-12-29,-0.061686057607843736
2023-12-30,0.5031290122652337
2023-12-31,0.9151690501665328
2024-01-01,-1.3699650695440582
2024-01-02,1.295100094218192
2024-01-03,0.2560540161745095
2024-01-04,-0.0005948881519302063
2024-01-05,8.214432988793249
2024-01-06,-0.13220084290384193
2024-01-07,-1.7156634640016222
2024-01-08,-2.20976477489814
2024-01-09,3.9912994694641455
2024-01-10,3.50779537332496
2024-01-11,3.3442988792815527
2024-01-12,-0.6130830705088002
2024-01-13,1.4878514257250757
2024-01-14,2.3865878854742775
2024-01-15,2.0627500254718925
2024-01-16,-0.03376270787557445
2024-01-17,-0.006053855824639243
2024-01-18,0.12127138077688215
2024-01-19,-1.9522457260819621
2024-01-20,0.8206027839499299
2024-01-21,1.2391093288365838
2024-01-22,1.4710749926883366
2024-01-23,-0.4023432632558439
2024-01-24,-5.20915632391587
2024-01-25,3.1968706782009875
2024-01-26,-1.9425654529601957
2024-01-27,0.27222491429814255
2024-01-28,1.479871464818558
2024-01-29,0.8977019869658989
2024-01-30,-0.6658979578308148
2024-01-31,1.0514990102810984
2024-02-01,-1.6383106072375497
2024-02-02,-0.5059668436217848
2024-02-03,0.07789377569682188
2024-02-04,-0.28837646817102325
2024-02-05,0.14493812654066573
2024-02-06,-0.08714155614647723
2024-02-07,1.5767767688451926
2024-02-08,-1.0951004400481494
2024-02-09,-0.14275427793714357
2024-02-10,0.04763071049350032
2024-02-11,-0.15198454997626243
2024-02-12,0.09527049879080352
2024-02-13,-0.05112104480775059
2024-02-14,1.6894016864927508
2024-02-15,-1.172098373422159
2024-02-16,-0.16961015871391538
2024-02-17,-1.286440021999745
2024-02-18,-1.9433252544632325
2024-02-19,-1.9599007902451788
2024-02-20,-1.1126859891471526
2024-02-21,4.257230282497382
2024-02-22,-1.2059777377452434
2024-02-23,0.8233823252015213
2024-02-24,0.9626221701766227
2024-02-25,0.45559408383304145
2024-02-26,1.0576357722767256
2024-02-27,-0.748846343290289
2024-02-28,-1.7880662674568057
2024-02-29,0.1516901898385754
2024-03-01,-3.2637871419982005
2024-03-02,-0.8177420835675235
2024-03-03,-0.16191897380696219
2024-03-04,-0.30593960041564827
2024-03-05,0.21902705201643613
2024-03-06,-1.8277941088513074
2024-03-07,2.908574299517767
2024-03-08,1.2482724414936683
2024-03-09,-0.21592916260298267
2024-03-10,-0.22958569083188962
2024-03-11,-0.8070908627367643
2024-03-12,0.0862567057416257
2024-03-13,-1.8050671377481464
2024-03-14,-1.1130603578534775
2024-03-15,-0.10472784526083245
2024-03-16,0.9096594217350074
2024-03-17,1.4967056351109989
2024-03-18,1.7588589745451841
2024-03-19,1.0547265296184491
2024-03-20,1.5744156861434675
2024-03-21,-0.08428372272152984
2024-03-22,1.1783916491922355
2024-03-23,0.6221996092300586
2024-03-24,0.3261489877955839
2024-03-25,0.49124545425210187
2024-03-26,0.34485153036627736
2024-03-27,0.09627881758139978
2024-03-28,-0.7094531093174652
2024-03-29,0.04250966196263306
2024-03-30,0.14107092493689777
2024-03-31,0.17852630765348465
2024-04-01,0.5797635986531731
2024-04-02,-0.6809641766845758
2024-04-03,-0.30942459137089884
2024-04-04,-0.004458897843385046
2024-04-05,-0.0271148276461588
2024-04-06,-0.23906092403180423
2024-04-07,-0.3752612547772145
2024-04-08,-0.5256175883465559
2024-04-09,0.16158088158115191
2024-04-10,-0.3316671122931254
2024-04-11,-0.14792760454695753
2024-04-12,-0.0505037154201915
2024-04-13,-0.11763031503416954
2024-04-14,-0.042827258529086976
2024-04-15,-0.177352990711519
2024-04-16,0.21401666123233554
2024-04-17,0.007096456578601362
2024-04-18,-0.01933734443760926
2024-04-19,-0.00466410498221137
2024-04-20,-0.04062467470937747
2024-04-21,-0.022137347717745115
2024-04-22,-0.13936505157479218
2024-04-23,0.2645088067763055
2024-04-24,0.049661797642670535
2024-04-25,0.013275825014204656
2024-04-26,0.03281353771426154
2024-04-27,-0.008561084188265511
2024-04-28,-1.4874106505665665
2024-04-29,-1.9917552347825165
2024-04-30,2.1937009326634467
2024-05-01,0.5170449364323986
2024-05-02,0.1588205167766077
2024-05-03,0.3100500749126809
2024-05-04,-0.02742444114763032
2024-05-05,0.6963792484941251
2024-05-06,0.7418335033992989
2024-05-07,-0.7510582865485844
2024-05-08,-0.17087221219238558
2024-05-09,-0.015581153525836555
2024-05-10,-0.08473070140323813
2024-05-11,0.04708635234015901
2024-05-12,0.4317572971639976
2024-05-13,0.6299480429169719
2024-05-14,-0.6459407780148894
2024-05-15,-0.12907536197418779
2024-05-16,-0.028871907341589065
2024-05-17,-0.07002407845764225
2024-05-18,0.02911245854716782
2024-05-19,0.47216187648739805
2024-05-20,0.6720443162841221
2024-05-21,-0.7150369431520218
2024-05-22,-0.15497243673811312
2024-05-23,-0.04293396290126594
2024-05-24,-0.0893425908730876
2024-05-25,0.019719747063533077
2024-05-26,-0.03319385970335276
2024-05-27,0.011104315692890054
2024-05-28,-0.010298452662802049
2024-05-29,0.003858031787920879
2024-05-30,-0.0028517699729562196
2024-05-31,0.0011057258150870553
2024-06-01,0.19048178428476348
2024-06-02,0.062382265108652746
2024-06-03,0.04101184924616064
2024-06-04,0.046772120278220086
2024-06-05,0.02518609544110717
