,actual,sarimax,residuals,lstm_correction,final_forecast
2025-09-11,38.0,38.0,-0.010863830362346505,-0.17117513596557465,38.0
2025-09-12,38.0,38.0,-0.037764146952447675,-0.17018148410396883,38.0
2025-09-13,38.0,38.0,0.05436606365264396,-0.1675083995742508,38.0
2025-09-14,38.0,38.0,0.49849870728510126,-0.1701287470585484,37.0
2025-09-15,38.0,37.0,1.071442863227098,-0.16388679046696453,37.0
2025-09-16,38.0,38.0,0.0921932654439459,-0.1736093321247747,38.0
2025-09-17,38.0,38.0,0.13176298217010896,-0.1701972210243916,38.0
2025-09-18,38.0,38.0,0.1678421189086876,-0.17398062654392277,38.0
2025-09-19,38.0,38.0,0.18530279074837352,-0.17397335586949225,38.0
2025-09-20,38.0,38.0,0.22972577665918692,-0.17040399052143584,38.0
2025-09-21,38.0,38.0,0.4292774461010538,-0.16492592169916342,37.0
2025-09-22,38.0,37.0,0.6074248220010006,-0.174036062993828,37.0
2025-09-23,38.0,38.0,0.256649538458646,-0.16817446369170597,38.0
2025-09-24,38.0,38.0,0.2803154264213106,-0.1661763606256521,38.0
2025-09-25,38.0,38.0,0.04373300632247634,-0.18074351419959633,38.0
2025-09-26,40.0,38.0,2.0799322592197598,-0.1721772908522503,38.0
2025-09-27,38.0,38.0,0.10570980192791524,-0.17162460548430758,38.0
2025-09-28,38.0,38.0,-0.03583000560222871,-0.1784795721778778,38.0
2025-09-29,38.0,38.0,-0.17890321925059993,-0.16817464391865755,38.0
2025-09-30,38.0,38.0,-0.16090490040124905,-0.17979316815462276,38.0
2025-10-01,38.0,38.0,-0.14434836128625506,-0.17226143283638962,38.0
2025-10-02,38.0,38.0,-0.11344533154137082,-0.1882074910248317,38.0
2025-10-03,38.0,38.0,-0.08662759637029183,-0.1802641107762195,38.0
2025-10-04,38.0,38.0,-0.06521046904293115,-0.17233954590809475,38.0
2025-10-05,38.0,38.0,-0.1073226534948617,-0.16437955380025038,38.0
2025-10-06,38.0,38.0,-0.15118216296438902,-0.18196461738291347,38.0
2025-10-07,36.0,38.0,-2.1358399882384234,-0.18054595890496294,38.0
2025-10-08,35.0,38.0,-3.121959958335516,-0.17168235562192535,38.0
2025-10-09,35.0,36.0,-0.7962640471300588,-0.1609797284874599,36.0
2025-10-10,35.0,37.0,-1.8769044486613353,-0.1712387485801088,37.0
2025-10-11,36.0,36.0,-0.4593948595815718,-0.16746382722854847,36.0
2025-10-12,35.5,37.0,-1.1171470121960567,-0.15916701277511258,36.0
2025-10-13,35.0,37.0,-1.7625486291579904,-0.15838983937768703,37.0
2025-10-14,35.0,36.0,-1.1440146471172525,-0.16661334971608532,36.0
2025-10-15,35.0,36.0,-0.8330860290140976,-0.1640036934576692,36.0
2025-10-16,35.0,36.0,-1.2046389980078231,-0.15572648180127224,36.0
2025-10-17,35.0,37.0,-2.3567620227552695,-0.16278427606944845,37.0
2025-10-18,35.0,37.0,-1.629760009537108,-0.16951527519443488,36.0
2025-10-19,35.0,37.0,-1.764334538480604,-0.1662403552758125,37.0
2025-10-20,35.0,37.0,-1.8861567658698632,-0.16484939612187155,37.0
2025-10-21,35.0,36.0,-1.1175315154362622,-0.15306618355078427,36.0
2025-10-22,35.0,36.0,-0.8112251687130794,-0.16146910132086312,36.0
2025-10-23,35.0,35.0,-0.023694040268836147,-0.16588450402670496,35.0
2025-10-24,35.0,35.0,-0.09110158642980792,-0.17217375602781715,35.0
2025-10-25,35.0,35.0,-0.4814023819730835,-0.16941387616165215,35.0
2025-10-26,35.0,35.0,-0.41312390804382204,-0.16363983127191872,35.0
2025-10-27,35.0,35.0,-0.3367204634340908,-0.16049602434896393,35.0
2025-10-28,35.0,35.0,0.2524004323556781,-0.16962490093533056,35.0
2025-10-29,35.0,34.0,0.520711046101674,-0.16523680134934082,34.0
2025-10-30,35.0,35.0,0.4588546098146722,-0.16282634421173725,34.0
2025-10-31,35.0,35.0,0.38603550261812813,-0.16596079581201373,34.0
2025-11-01,35.0,35.0,-0.12980629922164866,-0.1705442167009128,35.0
2025-11-02,35.0,35.0,0.020939643632537752,-0.16583205601145856,35.0
2025-11-03,35.0,35.0,0.1786531918851324,-0.168952421847278,35.0
2025-11-04,43.0,35.0,8.367504930023593,-0.15930597363277776,34.0
2025-11-05,43.0,35.0,8.43980079749744,-0.16408760531196265,34.0
2025-11-06,43.0,41.0,1.7021888410395505,-0.15341337078266903,41.0
2025-11-07,35.0,40.0,-4.894704793499578,-0.16160025826693492,40.0
2025-11-08,35.0,40.0,-4.673328410267246,-0.15284510808665352,40.0
2025-11-09,35.0,39.0,-4.002316115612807,-0.15781034549048378,39.0
2025-11-10,35.0,39.0,-3.7398220587046396,-0.157002625376494,39.0
2025-11-11,35.0,41.0,-6.239542127184066,-0.16198013443244363,41.0
2025-11-12,35.0,41.0,-5.987051601541104,-0.17276929066032665,41.0
2025-11-13,35.0,40.0,-4.979289955090131,-0.15115632246064692,40.0
2025-11-14,35.0,39.0,-4.229961290639409,-0.16937050933791653,39.0
2025-11-15,35.0,39.0,-3.851733093073136,-0.16540756601748896,39.0
2025-11-16,35.0,38.0,-3.4073526206860265,-0.16462123598800282,38.0
2025-11-17,35.0,38.0,-3.095698007722511,-0.16119391144877504,38.0
2025-11-18,38.0,41.0,-3.260831716980441,-0.1478324013533463,41.0
2025-11-19,38.0,41.0,-2.998959438344812,-0.1537352171703592,41.0
2025-11-20,38.0,38.0,0.0888737025364037,-0.1631401222192288,38.0
2025-11-21,38.0,35.0,2.6410490147411707,-0.1751501942611906,35.0
2025-11-22,38.0,35.0,2.628546421020708,-0.17324578530024404,35.0
2025-11-23,38.0,35.0,2.696334347081333,-0.15882685079859904,35.0
2025-11-24,38.0,35.0,2.70524864214277,-0.15835121579243783,35.0
2025-11-25,38.0,39.0,-0.9874194286794449,-0.1678695636552554,39.0
2025-11-26,38.0,39.0,-0.9740031012770274,-0.16001789098400998,39.0
2025-11-27,38.0,39.0,-0.9081355480821642,-0.15627316607584163,39.0
2025-11-28,38.0,35.0,2.6778065153731276,-0.15928831733495308,35.0
2025-11-29,38.0,35.0,2.697044318057948,-0.17090392247365038,35.0
2025-11-30,38.0,35.0,2.735605250048799,-0.16685134533850743,35.0
2025-12-01,38.0,35.0,2.7568767196924355,-0.1654430146540946,35.0
2025-12-02,38.0,38.0,0.492293719749604,-0.15364322614732195,37.0
2025-12-03,38.0,37.0,0.5110529257253873,-0.16386980645012095,37.0
2025-12-04,38.0,38.0,0.05093968731061693,-0.15476471812517723,38.0
2025-12-05,38.0,38.0,0.1270286204177964,-0.1659796386314678,38.0
2025-12-06,38.0,38.0,0.2381020618052503,-0.1593142058297996,38.0
2025-12-07,38.0,38.0,0.2962900924810654,-0.15614347176906485,38.0
2025-12-08,38.0,38.0,0.38175601291666794,-0.1567783190217753,37.0
2025-12-09,38.0,39.0,-0.5485626449321686,-0.16305094339013593,38.0
2025-12-10,38.0,38.0,-0.48541499225181184,-0.1676458773249081,38.0
2025-12-11,38.0,38.0,-0.4244768367066456,-0.15033889932338163,38.0
2025-12-12,38.0,38.0,-0.34712193743227715,-0.16458875237024095,38.0
2025-12-13,38.0,38.0,-0.2682623469220786,-0.16680639995760593,38.0
2025-12-14,38.0,38.0,-0.20812397669327964,-0.16573105601842464,38.0
2025-12-15,38.0,38.0,-0.15022894078161642,-0.1608456827407032,38.0
2025-12-16,38.0,38.0,-0.467003727127846,-0.1474805343973884,38.0
2025-12-17,38.0,38.0,-0.4180377327401388,-0.15647181573454105,38.0
2025-12-18,37.0,38.0,-1.0031131781757452,-0.14167000735915813,38.0
2025-12-19,37.0,38.0,-1.00137552226726,-0.16625731479583372,38.0
2025-12-20,37.0,38.0,-1.0022925040772819,-0.15793330893911595,38.0
2025-12-21,37.0,38.0,-1.001691636524896,-0.14244355184052182,38.0
2025-12-22,37.0,38.0,-0.9998806037175854,-0.15020233173706643,38.0
2025-12-23,37.0,38.0,-0.9995665596444638,-0.1547795752940111,38.0
2025-12-24,37.0,38.0,-0.999850535033076,-0.16086549582895593,38.0
2025-12-25,37.0,38.0,-1.0008512682262278,-0.12917199898694776,38.0
2025-12-26,37.0,38.0,-1.000364042781527,-0.15224664888429196,38.0
2025-12-27,37.0,38.0,-1.0006261655702247,-0.16477839795219928,38.0
2025-12-28,37.0,38.0,-1.0004953533066256,-0.1672876591963881,38.0
2025-12-29,37.0,38.0,-0.9997818252936526,-0.14900327399213253,38.0
2025-12-30,37.0,38.0,-0.9997201797212227,-0.12884608730924185,38.0
2025-12-31,37.0,38.0,-0.999810343843528,-0.15018518735993247,38.0
2026-01-01,37.0,37.0,0.2109108828543782,-0.1760392567045077,37.0
2026-01-02,37.0,37.0,0.14553659634951543,-0.17341142770627904,37.0
2026-01-03,37.0,37.0,0.0943363315754624,-0.17278985639739197,37.0
2026-01-04,37.0,37.0,0.053597519648548086,-0.17281875489638132,37.0
2026-01-05,37.0,37.0,0.01315183467479386,-0.16556580338196625,37.0
2026-01-06,37.0,37.0,-0.020338414377775393,-0.17686463054228696,37.0
2026-01-07,37.0,37.0,-0.05250174358631199,-0.16832195978256692,37.0
2026-01-08,37.0,37.0,0.32626665771472574,-0.17984103152859987,36.0
2026-01-09,37.0,37.0,0.276174597312405,-0.17417277426501698,37.0
2026-01-10,37.0,37.0,0.23481795276521922,-0.17189064851822877,37.0
2026-01-11,37.0,37.0,0.19902287659185447,-0.1652262788691825,37.0
2026-01-12,37.0,37.0,0.16588247787260002,-0.17724762604301958,37.0
2026-01-13,37.0,37.0,0.13684694140315656,-0.17319182877781536,37.0
2026-01-14,37.0,37.0,0.11023315778315634,-0.1698840463495941,37.0
2026-01-15,38.0,37.0,1.0289612150230667,-0.163288951354156,37.0
2026-01-16,38.0,37.0,1.0186788894582293,-0.16934783854454238,37.0
2026-01-17,38.0,37.0,1.0135201567405616,-0.16520646911114767,37.0
2026-01-18,38.0,37.0,1.0075696647422987,-0.1626308034585655,37.0
2026-01-19,38.0,37.0,1.0031937501258668,-0.16012604653572637,37.0
2026-01-20,38.0,37.0,0.9985516117763282,-0.1684290293052637,37.0
2026-01-21,38.0,37.0,0.9949057826043202,-0.1674616565528364,37.0
2026-01-22,38.0,37.0,1.0414709622468834,-0.16160337434948424,37.0
2026-01-23,38.0,37.0,1.0346300491608957,-0.16779869898818056,37.0
2026-01-24,38.0,37.0,1.029799200168867,-0.1690420572814606,37.0
2026-01-25,39.0,37.0,2.0251217710768543,-0.16556856650950103,37.0
2026-01-26,40.0,37.0,3.0211697993225712,-0.16736626094123253,37.0
2026-01-27,40.0,37.0,3.0174373415973363,-0.157481550171374,37.0
2026-01-28,40.0,37.0,3.0142196707734,-0.16190489266791452,37.0
2026-01-29,40.0,40.0,0.1657171711438039,-0.1666164687412408,40.0
2026-01-30,40.0,40.0,0.423751551761093,-0.16644783961132958,39.0
2026-01-31,40.0,39.0,0.6517289292784767,-0.16172965874124756,39.0
2026-02-01,40.0,40.0,0.4241867231019256,-0.16780254009664652,39.0
2026-02-02,40.0,40.0,0.2252582887913448,-0.1626972162813214,40.0
2026-02-03,40.0,40.0,0.34982877471612284,-0.17100585969630622,39.0
2026-02-04,40.0,40.0,0.4851950163964247,-0.17268807087856608,39.0
2026-02-05,40.0,40.0,0.3239390294618474,-0.16996881257632346,40.0
2026-02-06,40.0,39.0,0.5266153929533814,-0.17513353841633972,39.0
2026-02-07,40.0,39.0,0.6979060079541455,-0.1684419942141684,39.0
2026-02-08,40.0,40.0,0.3978851017794014,-0.16459347391002765,39.0
2026-02-09,40.0,40.0,0.0949124194326103,-0.1710496896992364,40.0
2026-02-10,40.0,40.0,0.20857154737039707,-0.16401153858092954,40.0
2026-02-11,40.0,40.0,0.31669096469686053,-0.16256989278835476,40.0
2026-02-12,40.0,40.0,0.20952881396060974,-0.1474341948206881,40.0
2026-02-13,40.0,40.0,0.271742514201712,-0.16622897910447776,40.0
2026-02-14,40.0,40.0,0.3132948986473707,-0.15880327493564295,40.0
2026-02-15,40.0,40.0,-0.08006140517152005,-0.14836447297935784,40.0
2026-02-16,40.0,40.0,-0.37299595835317945,-0.15318825936693514,40.0
2026-02-17,40.0,40.0,-0.3388484694830396,-0.15868016929002238,40.0
2026-02-18,40.0,40.0,-0.3105188877875378,-0.16363849110936712,40.0
2026-02-19,40.0,40.0,-0.2633021257238255,-0.13888919573645353,40.0
2026-02-20,40.0,40.0,-0.21695207265294414,-0.15757907364545254,40.0
2026-02-21,40.0,40.0,-0.17973945533919533,-0.16550014564356275,40.0
2026-02-22,40.0,40.0,-0.19857572688269443,-0.16668247326316354,40.0
2026-02-23,40.0,40.0,-0.29050018846223935,-0.15399106375704363,40.0
2026-02-24,40.0,40.0,-0.2625008300968048,-0.1371017202755347,40.0
2026-02-25,40.0,40.0,-0.23795512556071685,-0.15311603877705515,40.0
2026-02-26,40.0,40.0,-0.0006590789603038161,-0.15721694501037753,40.0
2026-02-27,40.0,40.0,0.0011915005389084854,-0.16887606527701493,40.0
2026-02-28,40.0,40.0,0.000231512704417014,-0.16375080236177375,40.0
2026-03-01,40.0,40.0,0.0008244692366972117,-0.1566669150237363,40.0
2026-03-02,40.0,40.0,0.00028721222868455243,-0.15728209432483276,40.0
2026-03-03,40.0,40.0,0.000591195448130577,-0.16467384753670444,40.0
2026-03-04,40.0,40.0,0.000285979176624096,-0.16505757305408686,40.0
2026-03-05,40.0,40.0,0.0001909993991020542,-0.15237138010528284,40.0
2026-03-06,40.0,40.0,0.0007046956002056959,-0.1629011746945288,40.0
2026-03-07,40.0,40.0,0.0004172976600429479,-0.16788620602921078,40.0
2026-03-08,40.0,40.0,0.0005333062664689692,-0.16616440947814937,40.0
2026-03-09,40.0,40.0,0.00036244138821217575,-0.16201418259484868,40.0
2026-03-10,40.0,40.0,0.0004111996328859391,-0.14922586250613712,40.0
2026-03-11,40.0,40.0,0.0003063229916975274,-0.1587890841544901,40.0
2026-03-12,40.0,40.0,0.16583226419345465,-0.1468295262052859,40.0
2026-03-13,40.0,40.0,0.15720444773786824,-0.16665272682462273,40.0
2026-03-14,40.0,40.0,0.1461231263834577,-0.15920123186708324,40.0
2026-03-15,40.0,40.0,0.010760438084375323,-0.14754325211922037,40.0
2026-03-16,40.0,40.0,0.0024062103493847076,-0.15263995069923197,40.0
2026-03-17,40.0,40.0,-0.0031582844939350707,-0.1579933757105163,40.0
2026-03-18,40.0,40.0,-0.009581279490198824,-0.1628987618432216,40.0
2026-03-19,40.0,40.0,-0.021127703434920875,-0.1370477623840447,40.0
2026-03-20,40.0,40.0,-0.029357896101373626,-0.15634162748627034,40.0
2026-03-21,40.0,40.0,-0.03742696389311817,-0.16574200715805887,40.0
2026-03-22,40.0,40.0,0.03710415091283892,-0.1667803877394416,40.0
2026-03-23,40.0,40.0,0.030745541992914127,-0.15350022706655508,40.0
2026-03-24,40.0,40.0,0.025533114776870036,-0.13586831371686614,40.0
2026-03-25,40.0,40.0,0.020485190434044398,-0.1528358398992271,40.0
2026-03-26,40.0,40.0,-0.000915052875825495,-0.14312271235747076,40.0
2026-03-27,40.0,40.0,0.0015026576515495549,-0.1659734239586843,40.0
2026-03-28,40.0,40.0,0.00028112205237107446,-0.15776322920897456,40.0
2026-03-29,40.0,40.0,0.0010380092209487657,-0.14413303309044068,40.0
2026-03-30,40.0,40.0,0.00035476490300823116,-0.15102463263602317,40.0
2026-03-31,40.0,40.0,0.0007432028963449966,-0.15576430717215217,40.0
2026-04-01,40.0,40.0,0.0003553532307449814,-0.16192368687901393,40.0
2026-04-02,40.0,40.0,0.00020714565122403883,-0.13182514739519213,40.0
2026-04-03,40.0,40.0,0.0008848224570670027,-0.15395842470313958,40.0
2026-04-04,40.0,40.0,0.0005199793562482569,-0.16488122546935458,40.0
2026-04-05,40.0,40.0,0.0006689752843556107,-0.16706282953300367,40.0
2026-04-06,40.0,40.0,0.00045234874793464996,-0.15034550512663714,40.0
2026-04-07,40.0,40.0,0.0005154317061268898,-0.1310864128463649,40.0
2026-04-08,40.0,40.0,0.00038267292610072445,-0.15081102832660598,40.0
2026-04-09,40.0,40.0,0.17301831212039787,-0.14995733014012735,40.0
2026-04-10,40.0,40.0,0.16185166768279657,-0.16722447974404098,40.0
2026-04-11,40.0,40.0,0.15651978402485156,-0.16034944382168348,40.0
2026-04-12,42.5,40.0,2.644053037814089,-0.15039769067628583,40.0
2026-04-13,45.0,40.0,5.138500986652602,-0.15395498047145395,40.0
2026-04-14,40.0,40.0,0.12936453343798604,-0.1597419026341953,40.0
2026-04-15,40.0,40.0,0.00017411607216644143,-0.1637597946425764,40.0
2026-04-16,40.0,40.0,-0.008199589017756637,-0.14126863416371727,40.0
2026-04-17,40.0,40.0,-0.016890497020881412,-0.1584084822664451,40.0
2026-04-18,40.0,40.0,-0.02415548129915379,-0.16654462040107454,40.0
2026-04-19,40.0,40.0,-0.03265448378945024,-0.16651305895864077,40.0
2026-04-20,40.0,40.0,-0.03883642381342867,-0.156280586218271,40.0
2026-04-21,40.0,40.0,-0.04545562419187377,-0.1398288131160097,40.0
2026-04-22,40.0,40.0,0.027130034640883594,-0.15445557027698342,40.0
2026-04-23,40.0,40.0,0.0448666015888719,-0.16013866589463177,40.0
2026-04-24,40.0,40.0,0.20303413362951517,-0.16878748802644594,40.0
2026-04-25,40.0,40.0,0.09066884996087055,-0.16423155826874236,40.0
2026-04-26,42.5,41.0,1.9003547252955002,-0.1596341877365326,40.0
2026-04-27,45.0,41.0,3.587156118152741,-0.15894154144156403,41.0
2026-04-28,45.0,40.0,5.111984108792349,-0.16694154986375764,40.0
2026-04-29,45.0,40.0,5.073792401927513,-0.16647306834504505,40.0
2026-04-30,45.0,40.0,5.102711092713697,-0.15780276528576032,40.0
