Date,score_positive,score_neutral,score_negative
2020-01-01,0.33,0.33,0.33
2020-01-02,0.33,0.33,0.33
2020-01-03,0.33,0.33,0.33
2020-01-04,0.33,0.33,0.33
2020-01-05,0.153394343714942,0.268534644605482,0.578071017388035
2020-01-06,0.106334421574138,0.199205985572189,0.694459594786167
2020-01-07,0.195238929507988,0.272716652069773,0.532044405915907
2020-01-08,0.371358678986629,0.163571444650491,0.465069832280278
2020-01-09,0.117940135300159,0.771805346012116,0.110254563391209
2020-01-10,0.33,0.33,0.33
2020-01-11,0.33,0.33,0.33
2020-01-12,0.187723945453763,0.276631513237953,0.535644520819187
2020-01-13,0.0423139147460461,0.118905045092106,0.838781028985977
2020-01-14,0.0136747630313039,0.045404314994812,0.940920889377594
2020-01-15,0.33,0.33,0.33
2020-01-16,0.0869974829256535,0.193492978811264,0.71950951218605
2020-01-17,0.33,0.33,0.33
2020-01-18,0.33,0.33,0.33
2020-01-19,0.33,0.33,0.33
2020-01-20,0.33,0.33,0.33
2020-01-21,0.33,0.33,0.33
2020-01-22,0.881558477878571,0.0762750133872032,0.0421665087342262
2020-01-23,0.33,0.33,0.33
2020-01-24,0.33,0.33,0.33
2020-01-25,0.33,0.33,0.33
2020-01-26,0.33,0.33,0.33
2020-01-27,0.33,0.33,0.33
2020-01-28,0.33,0.33,0.33
2020-01-29,0.185958515993026,0.239570093481508,0.574471382156321
2020-01-30,0.180230717174709,0.279608432203531,0.540160858382781
2020-01-31,0.33,0.33,0.33
2020-02-01,0.207446392159909,0.223443209193647,0.569110420532525
2020-02-02,0.218758349772543,0.288251740392298,0.492989916820079
2020-02-03,0.0949897347018123,0.209355511702597,0.695654731243849
2020-02-04,0.020128782838583,0.135959059000015,0.843912184238434
2020-02-05,0.112126606206099,0.394391785065333,0.493481626113256
2020-02-06,0.17595085803242,0.427642752726873,0.396406401658342
2020-02-07,0.33,0.33,0.33
2020-02-08,0.170058891177177,0.421708852052689,0.408232271671295
2020-02-09,0.33,0.33,0.33
2020-02-10,0.33,0.33,0.33
2020-02-11,0.200053811073303,0.397931963205338,0.402014210820198
2020-02-12,0.33,0.33,0.33
2020-02-13,0.33,0.33,0.33
2020-02-14,0.624125897884369,0.299701422452927,0.0761726796627045
2020-02-15,0.33,0.33,0.33
2020-02-16,0.33,0.33,0.33
2020-02-17,0.33,0.33,0.33
2020-02-18,0.190783718826644,0.355077826615536,0.454138451001861
2020-02-19,0.262993542558473,0.347650947130245,0.389355508691591
2020-02-20,0.0953747382653611,0.435655870607921,0.468969399375575
2020-02-21,0.204417578876019,0.414689108729363,0.380893334746361
2020-02-22,0.0567657239735127,0.155854381620884,0.787379890680313
2020-02-23,0.095895333836476,0.317248562971751,0.586856077114741
2020-02-24,0.127518441528082,0.192757365426847,0.679724182401385
2020-02-25,0.173328095115721,0.249868797697127,0.576803107683857
2020-02-26,0.126932678666587,0.269218335549037,0.603848993778229
2020-02-27,0.125758775649592,0.28179591242224,0.59244531467557
2020-02-28,0.0978896092623472,0.133341213315725,0.768769180774689
2020-02-29,0.013587549328804,0.0315529294312,0.954859495162964
2020-03-01,0.0872655194252729,0.140458691865206,0.772275745868683
2020-03-02,0.33,0.33,0.33
2020-03-03,0.120248507408957,0.262909819571567,0.616841672786645
2020-03-04,0.14162626578095,0.265081557151568,0.593292176891286
2020-03-05,0.136900767683983,0.316138223657068,0.54696100254385
2020-03-06,0.179125912874364,0.344249693476237,0.476624397675578
2020-03-07,0.083100071842117,0.237807451082127,0.679092477474894
2020-03-08,0.0988847967237234,0.307180535048246,0.593934645876288
2020-03-09,0.278601677343249,0.307041549682617,0.414356782287359
2020-03-10,0.165079784393311,0.283442371189594,0.551477854140103
2020-03-11,0.212439440360123,0.40213214639913,0.385428405620835
2020-03-12,0.125028769175212,0.390956605474154,0.484014620383581
2020-03-13,0.348336896859109,0.237063673138618,0.414599452540278
2020-03-14,0.243003090700278,0.186392455146863,0.570604460743757
2020-03-15,0.0873272803922494,0.101741117735704,0.810931622982025
2020-03-16,0.0515900392085314,0.12722586914897,0.821184086799622
2020-03-17,0.0280782859772444,0.506365045905113,0.465556681156158
2020-03-18,0.103055147081614,0.320184633135796,0.57676020860672
2020-03-19,0.126061727352921,0.309469181203073,0.564469093817376
2020-03-20,0.154768535159528,0.230932861790061,0.614298602938652
2020-03-21,0.0744412305676157,0.195895521768502,0.729663240412871
2020-03-22,0.334571893129385,0.311409380625595,0.354018717580898
2020-03-23,0.225674177706242,0.293515582088577,0.480810242788376
2020-03-24,0.132091285997724,0.272838560428391,0.595070155357268
2020-03-25,0.112914397070805,0.415177210061638,0.471908385141028
2020-03-26,0.332261608815507,0.327250814359439,0.340487572119424
2020-03-27,0.162563258212888,0.220088215027418,0.617348525828371
2020-03-28,0.115407370403409,0.298583007107178,0.586009634037813
2020-03-29,0.239076318219304,0.227334027489026,0.533589631319046
2020-03-30,0.195881623488206,0.391998076095031,0.412120296978034
2020-03-31,0.231719375215471,0.265641759335995,0.50263888835907
2020-04-01,0.167892870286273,0.378259435296059,0.45384769472811
2020-04-02,0.120278480648994,0.352566510438919,0.527154976129532
2020-04-03,0.100880134962094,0.303320482818653,0.595799377350056
2020-04-04,0.224170587956905,0.394831811388334,0.380997609347105
2020-04-05,0.120466139633209,0.293058658950031,0.586475200951099
2020-04-06,0.33,0.33,0.33
2020-04-07,0.389972358942032,0.511758267879486,0.0982693731784821
2020-04-08,0.0869297894338767,0.202740738789241,0.710329492886861
2020-04-09,0.33,0.33,0.33
2020-04-10,0.33,0.33,0.33
2020-04-11,0.386805012822151,0.408668756484985,0.204526234418154
2020-04-12,0.33,0.33,0.33
2020-04-13,0.297828704178814,0.294499118061316,0.407672182206185
2020-04-14,0.289421835759034,0.310909699027737,0.399668477061722
2020-04-15,0.356310724147729,0.333007031253406,0.310682259500027
2020-04-16,0.33,0.33,0.33
2020-04-17,0.24250843267267,0.158328822503487,0.599162755534053
2020-04-18,0.33,0.33,0.33
2020-04-19,0.33,0.33,0.33
2020-04-20,0.0343507342040539,0.426690012216568,0.538959264755249
2020-04-21,0.33,0.33,0.33
2020-04-22,0.33,0.33,0.33
2020-04-23,0.33,0.33,0.33
2020-04-24,0.33,0.33,0.33
2020-04-25,0.33,0.33,0.33
2020-04-26,0.33,0.33,0.33
2020-04-27,0.33,0.33,0.33
2020-04-28,0.33,0.33,0.33
2020-04-29,0.33,0.33,0.33
2020-04-30,0.33,0.33,0.33
2020-05-01,0.33,0.33,0.33
2020-05-02,0.33,0.33,0.33
2020-05-03,0.33,0.33,0.33
2020-05-04,0.33,0.33,0.33
2020-05-05,0.33,0.33,0.33
2020-05-06,0.0280258543789387,0.0555940717458725,0.916380047798157
2020-05-07,0.128975632290045,0.565742970754703,0.305281390746435
2020-05-08,0.33,0.33,0.33
2020-05-09,0.33,0.33,0.33
2020-05-10,0.187095031142235,0.327294409275055,0.485610514879227
2020-05-11,0.0973017439246178,0.734495401382446,0.168202877044678
2020-05-12,0.33,0.33,0.33
2020-05-13,0.11281478467087,0.185979722688595,0.701205492019653
2020-05-14,0.101374641060829,0.283894747495651,0.614730656147003
2020-05-15,0.33,0.33,0.33
2020-05-16,0.33,0.33,0.33
2020-05-17,0.33,0.33,0.33
2020-05-18,0.33,0.33,0.33
2020-05-19,0.33,0.33,0.33
2020-05-20,0.609359453121821,0.213139330347379,0.177501221497854
2020-05-21,0.346033900976181,0.3254055082798,0.328560560941696
2020-05-22,0.33,0.33,0.33
2020-05-23,0.69109833240509,0.218450352549553,0.090451292693615
2020-05-24,0.130373627302193,0.211392897757746,0.658233474289614
2020-05-25,0.12370822959821,0.238704374680916,0.637587390564106
2020-05-26,0.194447525776923,0.295942101627588,0.509610371664167
2020-05-27,0.169233087450266,0.211016417946666,0.61975050282975
2020-05-28,0.0362771227955818,0.252850140134494,0.710872719685237
2020-05-29,0.33,0.33,0.33
2020-05-30,0.0654083907138556,0.161033535934985,0.773558080196381
2020-05-31,0.301317033544183,0.299889329075813,0.398793628811836
2020-06-01,0.33,0.33,0.33
2020-06-02,0.33,0.33,0.33
2020-06-03,0.33,0.33,0.33
2020-06-04,0.33,0.33,0.33
2020-06-05,0.33,0.33,0.33
2020-06-06,0.33,0.33,0.33
2020-06-07,0.33,0.33,0.33
2020-06-08,0.33,0.33,0.33
2020-06-09,0.076797790825367,0.478612720966339,0.444589525461197
2020-06-10,0.33,0.33,0.33
2020-06-11,0.33,0.33,0.33
2020-06-12,0.33,0.33,0.33
2020-06-13,0.33,0.33,0.33
2020-06-14,0.33,0.33,0.33
2020-06-15,0.33,0.33,0.33
2020-06-16,0.145693721870581,0.636393457651138,0.217912791917721
2020-06-17,0.246382053941488,0.268038205802441,0.485579699277878
2020-06-18,0.33,0.33,0.33
2020-06-19,0.33,0.33,0.33
2020-06-20,0.15667898952961,0.660452425479889,0.182868614792824
2020-06-21,0.33,0.33,0.33
2020-06-22,0.33,0.33,0.33
2020-06-23,0.33,0.33,0.33
2020-06-24,0.33,0.33,0.33
2020-06-25,0.33,0.33,0.33
2020-06-26,0.33,0.33,0.33
2020-06-27,0.286313039561113,0.623974233865738,0.0897127365072568
2020-06-28,0.152110973639148,0.713610879012517,0.13427816384605
2020-06-29,0.163531377911568,0.544090643525124,0.292377955280244
2020-06-30,0.33,0.33,0.33
2020-07-01,0.289268150925636,0.365989953279495,0.344741895794868
2020-07-02,0.353293007860581,0.176647382477919,0.470059581100941
2020-07-03,0.33,0.33,0.33
2020-07-04,0.33,0.33,0.33
2020-07-05,0.33,0.33,0.33
2020-07-06,0.33,0.33,0.33
2020-07-07,0.33,0.33,0.33
2020-07-08,0.33,0.33,0.33
2020-07-09,0.33,0.33,0.33
2020-07-10,0.33,0.33,0.33
2020-07-11,0.33,0.33,0.33
2020-07-12,0.33,0.33,0.33
2020-07-13,0.33,0.33,0.33
2020-07-14,0.33,0.33,0.33
2020-07-15,0.33,0.33,0.33
2020-07-16,0.33,0.33,0.33
2020-07-17,0.33,0.33,0.33
2020-07-18,0.33,0.33,0.33
2020-07-19,0.33,0.33,0.33
2020-07-20,0.33,0.33,0.33
2020-07-21,0.33,0.33,0.33
2020-07-22,0.33,0.33,0.33
2020-07-23,0.33,0.33,0.33
2020-07-24,0.33,0.33,0.33
2020-07-25,0.130426711981382,0.212585837947148,0.656987444243648
2020-07-26,0.130389173701406,0.249323552598556,0.620287261158228
2020-07-27,0.0155093637295067,0.0706983245909214,0.913792341947556
2020-07-28,0.0222262507304549,0.0769746191799641,0.900799155235291
2020-07-29,0.33,0.33,0.33
2020-07-30,0.33,0.33,0.33
2020-07-31,0.33,0.33,0.33
2020-08-01,0.33,0.33,0.33
2020-08-02,0.33,0.33,0.33
2020-08-03,0.33,0.33,0.33
2020-08-04,0.325793835174825,0.229853680889521,0.444352481540825
2020-08-05,0.452925875428177,0.218946583923839,0.328127524150269
2020-08-06,0.416363053023815,0.292947944253683,0.290689019486308
2020-08-07,0.482314482331276,0.292149938642979,0.225535571575165
2020-08-08,0.472268737126142,0.263493675887585,0.264237595386803
2020-08-09,0.581182112296422,0.301633174841603,0.117184712241093
2020-08-10,0.532310303300619,0.295415632426739,0.172274033073336
2020-08-11,0.315174266695976,0.472411617636681,0.212414098903537
2020-08-12,0.171711916103959,0.606296449899674,0.221991596743464
2020-08-13,0.114340836927295,0.305006064474583,0.580653113126755
2020-08-14,0.123999737860525,0.355295561254025,0.520704691024388
2020-08-15,0.0854373062029481,0.144176889210939,0.770385831594467
2020-08-16,0.33,0.33,0.33
2020-08-17,0.33,0.33,0.33
2020-08-18,0.33,0.33,0.33
2020-08-19,0.33,0.33,0.33
2020-08-20,0.33,0.33,0.33
2020-08-21,0.33,0.33,0.33
2020-08-22,0.33,0.33,0.33
2020-08-23,0.33,0.33,0.33
2020-08-24,0.33,0.33,0.33
2020-08-25,0.33,0.33,0.33
2020-08-26,0.441239444805043,0.208305838916983,0.3504547255912
2020-08-27,0.519738256931305,0.208697009831667,0.271564714610577
2020-08-28,0.33,0.33,0.33
2020-08-29,0.0155466562137008,0.0653740763664246,0.919079303741455
2020-08-30,0.33,0.33,0.33
2020-08-31,0.0725174099206924,0.114086635410786,0.813395977020264
2020-09-01,0.14066596428353,0.252107130603925,0.607226914455814
2020-09-02,0.118500880379644,0.240823797053761,0.640675332811144
2020-09-03,0.116820009052753,0.303007420897484,0.580172574520111
2020-09-04,0.130867296208938,0.246179322401683,0.622953375180562
2020-09-05,0.12212445884943,0.298300768435001,0.579574796557427
2020-09-06,0.070122241973877,0.165032550692558,0.764845192432404
2020-09-07,0.33,0.33,0.33
2020-09-08,0.152979949196535,0.255933010897466,0.591087042753186
2020-09-09,0.233496141061187,0.298904321874891,0.467599539033004
2020-09-10,0.092182781547308,0.263726263865829,0.644090920686722
2020-09-11,0.097050947137177,0.158352982252836,0.744596064090729
2020-09-12,0.149230510368943,0.356541249155998,0.494228225946426
2020-09-13,0.248131468892097,0.325011670589447,0.426856845617294
2020-09-14,0.109480064362288,0.165742546319962,0.724777380625407
2020-09-15,0.248058259254321,0.0889670914039016,0.662974706385285
2020-09-16,0.0358352735638619,0.105138592422009,0.859026074409485
2020-09-17,0.170350524377735,0.302514133207938,0.527135346303968
2020-09-18,0.184140488971025,0.265909662470222,0.549949869513512
2020-09-19,0.530611991882324,0.379721524193883,0.0896665090695024
2020-09-20,0.33,0.33,0.33
2020-09-21,0.311916929359237,0.384154916430513,0.303928159798185
2020-09-22,0.150922015309334,0.282246053218842,0.566831946372986
2020-09-23,0.166150667394201,0.25472457624144,0.579124763607979
2020-09-24,0.141135525224464,0.19729370623827,0.661570758691856
2020-09-25,0.133133613637515,0.260823841073683,0.606042559657778
2020-09-26,0.104141609184444,0.247250797227025,0.648607581108809
2020-09-27,0.125829970774551,0.234397172927856,0.639772853917546
2020-09-28,0.33,0.33,0.33
2020-09-29,0.192158289853897,0.215295239537954,0.592546471870608
2020-09-30,0.244694991451171,0.184739842390021,0.570565177955561
2020-10-01,0.228475140873343,0.25697900292774,0.514545854181051
2020-10-02,0.153539449320701,0.299934036584328,0.546526516099339
2020-10-03,0.131428256828451,0.262035546271187,0.606536200687741
2020-10-04,0.11572477310482,0.219259574429856,0.665015637874603
2020-10-05,0.189352201194399,0.283130697906017,0.527517109281487
2020-10-06,0.0866949436339465,0.27811195362698,0.635193101384423
2020-10-07,0.156789949109011,0.190026634756257,0.653183419476537
2020-10-08,0.118776275962591,0.271854776144028,0.60936895608902
2020-10-09,0.338486501326164,0.309048963089784,0.352464520682891
2020-10-10,0.181174782260011,0.264263489283621,0.554561731715997
2020-10-11,0.204110890626907,0.322931349277496,0.472957760095596
2020-10-12,0.1118533462286,0.251811660826206,0.636335045099258
2020-10-13,0.28939496401984,0.209213877985111,0.501391161003938
2020-10-14,0.218679388430679,0.231065996168625,0.550254612894995
2020-10-15,0.166671292919121,0.247133403304922,0.58619530536653
2020-10-16,0.172147687767511,0.270040702236735,0.557811619147011
2020-10-17,0.100582016631961,0.183908344060183,0.715509629249573
2020-10-18,0.250769503680723,0.146749566708292,0.602480943713869
2020-10-19,0.249356402912074,0.304512094706297,0.44613149182664
2020-10-20,0.208018244667487,0.450404782186855,0.341576970436356
2020-10-21,0.144389252577509,0.304176448711327,0.551434304033007
2020-10-22,0.127881983777991,0.247063778248834,0.625054230200656
2020-10-23,0.105426472922166,0.189715931067864,0.704857595761617
2020-10-24,0.140464946627617,0.48670832067728,0.372826708480716
2020-10-25,0.225739603241285,0.295849363009135,0.478411038716634
2020-10-26,0.400163795799017,0.2815748648718,0.318261351203546
2020-10-27,0.14095033891499,0.234656721353531,0.624392911791802
2020-10-28,0.095525473356247,0.51806016266346,0.386414397507906
2020-10-29,0.115594297647476,0.510148227214813,0.374257415533066
2020-10-30,0.33,0.33,0.33
2020-10-31,0.0632634051144123,0.267529748380184,0.669206857681274
2020-11-01,0.0803237319923937,0.219616406597197,0.700059875845909
2020-11-02,0.153895688429475,0.279753737648328,0.566350571314494
2020-11-03,0.33,0.33,0.33
2020-11-04,0.250542254764324,0.332832092655377,0.416625655400501
2020-11-05,0.249588174279779,0.331843036537369,0.4185687849919
2020-11-06,0.136070558801293,0.328208697338899,0.535720762279299
2020-11-07,0.144986765086651,0.428671956062317,0.426341262459755
2020-11-08,0.369871525093913,0.336411658674479,0.293716810643673
2020-11-09,0.33,0.33,0.33
2020-11-10,0.33,0.33,0.33
2020-11-11,0.33,0.33,0.33
2020-11-12,0.231315791606903,0.320271134376526,0.448413074016571
2020-11-13,0.33,0.33,0.33
2020-11-14,0.33,0.33,0.33
2020-11-15,0.33,0.33,0.33
2020-11-16,0.160309365860397,0.274276562515766,0.565414063392147
2020-11-17,0.148464463237259,0.293985883394877,0.557549625635147
2020-11-18,0.0325437895953655,0.0876980498433113,0.879758179187775
2020-11-19,0.134968825774949,0.305492339882909,0.55953882670984
2020-11-20,0.144210811464056,0.275015301461662,0.580773890979828
2020-11-21,0.106360268379961,0.241834827831813,0.651804906981332
2020-11-22,0.15047062956728,0.296334988903254,0.553194381296635
2020-11-23,0.0908231493085623,0.439733549952507,0.469443276524544
2020-11-24,0.207662135735154,0.170974768698215,0.621363086998463
2020-11-25,0.0894577889037984,0.16000053605863,0.750541640179498
2020-11-26,0.135819554328918,0.202754080295563,0.661426305770874
2020-11-27,0.187967450286333,0.29544531668608,0.516587227582932
2020-11-28,0.149918876697912,0.350237052230274,0.499844079508501
2020-11-29,0.187398694248663,0.410162202186055,0.402439103358322
2020-11-30,0.114215824886092,0.349678679502436,0.536105490688767
2020-12-01,0.110811125021428,0.343601834028959,0.545587042036156
2020-12-02,0.33,0.33,0.33
2020-12-03,0.125989727675915,0.55185529589653,0.322155013680458
2020-12-04,0.197902438789606,0.344897263248762,0.457200287282467
2020-12-05,0.178630530834198,0.299498617649078,0.521870911121368
2020-12-06,0.33,0.33,0.33
2020-12-07,0.164689809083939,0.479921668767929,0.355388522148132
2020-12-08,0.175785973668098,0.581382036209106,0.242831960320473
2020-12-09,0.33,0.33,0.33
2020-12-10,0.162828549742699,0.534969866275787,0.302201598882675
2020-12-11,0.0594129525125027,0.110888317227364,0.829698741436005
2020-12-12,0.33,0.33,0.33
2020-12-13,0.178574323654175,0.612725615501404,0.208700135350227
2020-12-14,0.33,0.33,0.33
2020-12-15,0.33,0.33,0.33
2020-12-16,0.11275801807642,0.334204912185669,0.553037047386169
2020-12-17,0.33,0.33,0.33
2020-12-18,0.33,0.33,0.33
2020-12-19,0.0455282442271709,0.675650358200073,0.278821349143982
2020-12-20,0.33,0.33,0.33
2020-12-21,0.33,0.33,0.33
2020-12-22,0.33,0.33,0.33
2020-12-23,0.33,0.33,0.33
2020-12-24,0.33,0.33,0.33
2020-12-25,0.33,0.33,0.33
2020-12-26,0.33,0.33,0.33
2020-12-27,0.33,0.33,0.33
2020-12-28,0.33,0.33,0.33
2020-12-29,0.33,0.33,0.33
2020-12-30,0.33,0.33,0.33
2020-12-31,0.250464030075818,0.33890640065074,0.41062957663089
2021-01-01,0.130311247892678,0.178511532023549,0.691177204251289
2021-01-02,0.168141330281893,0.235221649209658,0.596637010574341
2021-01-03,0.0267614871263504,0.109470449388027,0.863768041133881
2021-01-04,0.33,0.33,0.33
2021-01-05,0.33,0.33,0.33
2021-01-06,0.33,0.33,0.33
2021-01-07,0.33,0.33,0.33
2021-01-08,0.33,0.33,0.33
2021-01-09,0.33,0.33,0.33
2021-01-10,0.33,0.33,0.33
2021-01-11,0.33,0.33,0.33
2021-01-12,0.33,0.33,0.33
2021-01-13,0.176323488354683,0.319851905107498,0.503824532032013
2021-01-14,0.33,0.33,0.33
2021-01-15,0.33,0.33,0.33
2021-01-16,0.33,0.33,0.33
2021-01-17,0.33,0.33,0.33
2021-01-18,0.33,0.33,0.33
2021-01-19,0.33,0.33,0.33
2021-01-20,0.33,0.33,0.33
2021-01-21,0.33,0.33,0.33
2021-01-22,0.33,0.33,0.33
2021-01-23,0.40174426138401,0.340380653738976,0.257875114679337
2021-01-24,0.115844711661339,0.265739440917969,0.618415832519531
2021-01-25,0.33,0.33,0.33
2021-01-26,0.026294406503439,0.115761443972588,0.857944130897522
2021-01-27,0.33,0.33,0.33
2021-01-28,0.33,0.33,0.33
2021-01-29,0.33,0.33,0.33
2021-01-30,0.33,0.33,0.33
2021-01-31,0.33,0.33,0.33
2021-02-01,0.33,0.33,0.33
2021-02-02,0.33,0.33,0.33
2021-02-03,0.33,0.33,0.33
2021-02-04,0.33,0.33,0.33
2021-02-05,0.33,0.33,0.33
2021-02-06,0.33,0.33,0.33
2021-02-07,0.33,0.33,0.33
2021-02-08,0.33,0.33,0.33
2021-02-09,0.33,0.33,0.33
2021-02-10,0.33,0.33,0.33
2021-02-11,0.0603586000700792,0.208465995887915,0.731175482273102
2021-02-12,0.0283639905974269,0.109258562326431,0.862377434968948
2021-02-13,0.0725272111594677,0.232091049104929,0.695381754636765
2021-02-14,0.18347029893526,0.240367651517902,0.576162031718663
2021-02-15,0.33,0.33,0.33
2021-02-16,0.33,0.33,0.33
2021-02-17,0.33,0.33,0.33
2021-02-18,0.33,0.33,0.33
2021-02-19,0.123247635431397,0.242698935425689,0.634053430496118
2021-02-20,0.116717087791154,0.242765223313319,0.640517683405625
2021-02-21,0.20591711151329,0.274067438461564,0.52001545171846
2021-02-22,0.17291031937514,0.297420117471899,0.529669561556407
2021-02-23,0.33,0.33,0.33
2021-02-24,0.0780855342745781,0.157853081822395,0.764061331748962
2021-02-25,0.302148230373859,0.196347452700138,0.501504302024841
2021-02-26,0.458836808800697,0.243837674458822,0.297325536608696
2021-02-27,0.120275633409619,0.288902939297259,0.590821422636509
2021-02-28,0.0924093370325863,0.20296818614006,0.704622487723827
2021-03-01,0.122814527712762,0.28746993187815,0.589715557172895
2021-03-02,0.11250505130738,0.272911327891052,0.614583667367697
2021-03-03,0.292392700910568,0.414514347910881,0.29309293627739
2021-03-04,0.33,0.33,0.33
2021-03-05,0.33,0.33,0.33
2021-03-06,0.33,0.33,0.33
2021-03-07,0.189333513379097,0.4410440325737,0.369622468948364
2021-03-08,0.33,0.33,0.33
2021-03-09,0.33,0.33,0.33
2021-03-10,0.33,0.33,0.33
2021-03-11,0.33,0.33,0.33
2021-03-12,0.33,0.33,0.33
2021-03-13,0.0310284985850255,0.0979756986101468,0.870995779832204
2021-03-14,0.33,0.33,0.33
2021-03-15,0.33,0.33,0.33
2021-03-16,0.33,0.33,0.33
2021-03-17,0.261320769786835,0.364174743493398,0.374504466851552
2021-03-18,0.124412811361253,0.291896265000105,0.583690941333771
2021-03-19,0.290400803089142,0.432334959506989,0.27726423740387
2021-03-20,0.0171575210988522,0.0701007768511772,0.912741661071777
2021-03-21,0.33,0.33,0.33
2021-03-22,0.33,0.33,0.33
2021-03-23,0.33,0.33,0.33
2021-03-24,0.33,0.33,0.33
2021-03-25,0.33,0.33,0.33
2021-03-26,0.33,0.33,0.33
2021-03-27,0.33,0.33,0.33
2021-03-28,0.33,0.33,0.33
2021-03-29,0.33,0.33,0.33
2021-03-30,0.33,0.33,0.33
2021-03-31,0.33,0.33,0.33
2021-04-01,0.33,0.33,0.33
2021-04-02,0.33,0.33,0.33
2021-04-03,0.33,0.33,0.33
2021-04-04,0.33,0.33,0.33
2021-04-05,0.33,0.33,0.33
2021-04-06,0.33,0.33,0.33
2021-04-07,0.33,0.33,0.33
2021-04-08,0.33,0.33,0.33
2021-04-09,0.33,0.33,0.33
2021-04-10,0.33,0.33,0.33
2021-04-11,0.33,0.33,0.33
2021-04-12,0.33,0.33,0.33
2021-04-13,0.33,0.33,0.33
2021-04-14,0.33,0.33,0.33
2021-04-15,0.33,0.33,0.33
2021-04-16,0.33,0.33,0.33
2021-04-17,0.33,0.33,0.33
2021-04-18,0.33,0.33,0.33
2021-04-19,0.33,0.33,0.33
2021-04-20,0.33,0.33,0.33
2021-04-21,0.33,0.33,0.33
2021-04-22,0.33,0.33,0.33
2021-04-23,0.33,0.33,0.33
2021-04-24,0.33,0.33,0.33
2021-04-25,0.33,0.33,0.33
2021-04-26,0.33,0.33,0.33
2021-04-27,0.33,0.33,0.33
2021-04-28,0.33,0.33,0.33
2021-04-29,0.33,0.33,0.33
2021-04-30,0.33,0.33,0.33
2021-05-01,0.33,0.33,0.33
2021-05-02,0.33,0.33,0.33
2021-05-03,0.33,0.33,0.33
2021-05-04,0.33,0.33,0.33
2021-05-05,0.33,0.33,0.33
2021-05-06,0.33,0.33,0.33
2021-05-07,0.33,0.33,0.33
2021-05-08,0.33,0.33,0.33
2021-05-09,0.193049550815313,0.299686985573283,0.507263460093074
2021-05-10,0.33,0.33,0.33
2021-05-11,0.33,0.33,0.33
2021-05-12,0.33,0.33,0.33
2021-05-13,0.33,0.33,0.33
2021-05-14,0.33,0.33,0.33
2021-05-15,0.33,0.33,0.33
2021-05-16,0.118224622078102,0.200540938414633,0.681234437489399
2021-05-17,0.115308889044592,0.182359037777552,0.702332080556796
2021-05-18,0.210485708434135,0.321529634296894,0.467984609305859
2021-05-19,0.217462111796652,0.289938043270792,0.492599853447505
2021-05-20,0.33,0.33,0.33
2021-05-21,0.33,0.33,0.33
2021-05-22,0.210358287363003,0.301048920800289,0.488592783610026
2021-05-23,0.128595363814384,0.224339878186584,0.64706476405263
2021-05-24,0.33,0.33,0.33
2021-05-25,0.33,0.33,0.33
2021-05-26,0.33,0.33,0.33
2021-05-27,0.33,0.33,0.33
2021-05-28,0.33,0.33,0.33
2021-05-29,0.33,0.33,0.33
2021-05-30,0.33,0.33,0.33
2021-05-31,0.33,0.33,0.33
2021-06-01,0.33,0.33,0.33
2021-06-02,0.33,0.33,0.33
2021-06-03,0.33,0.33,0.33
2021-06-04,0.33,0.33,0.33
2021-06-05,0.33,0.33,0.33
2021-06-06,0.33,0.33,0.33
2021-06-07,0.33,0.33,0.33
2021-06-08,0.33,0.33,0.33
2021-06-09,0.33,0.33,0.33
2021-06-10,0.33,0.33,0.33
2021-06-11,0.33,0.33,0.33
2021-06-12,0.33,0.33,0.33
2021-06-13,0.33,0.33,0.33
2021-06-14,0.33,0.33,0.33
2021-06-15,0.33,0.33,0.33
2021-06-16,0.33,0.33,0.33
2021-06-17,0.33,0.33,0.33
2021-06-18,0.33,0.33,0.33
2021-06-19,0.33,0.33,0.33
2021-06-20,0.33,0.33,0.33
2021-06-21,0.33,0.33,0.33
2021-06-22,0.33,0.33,0.33
2021-06-23,0.33,0.33,0.33
2021-06-24,0.33,0.33,0.33
2021-06-25,0.33,0.33,0.33
2021-06-26,0.33,0.33,0.33
2021-06-27,0.33,0.33,0.33
2021-06-28,0.33,0.33,0.33
2021-06-29,0.33,0.33,0.33
2021-06-30,0.33,0.33,0.33
2021-07-01,0.33,0.33,0.33
2021-07-02,0.33,0.33,0.33
2021-07-03,0.33,0.33,0.33
2021-07-04,0.33,0.33,0.33
2021-07-05,0.33,0.33,0.33
2021-07-06,0.33,0.33,0.33
2021-07-07,0.113099858164787,0.675808914005756,0.211091261357069
2021-07-08,0.33,0.33,0.33
2021-07-09,0.33,0.33,0.33
2021-07-10,0.210280679166317,0.395082578063011,0.394636750221252
2021-07-11,0.33,0.33,0.33
2021-07-12,0.33,0.33,0.33
2021-07-13,0.33,0.33,0.33
2021-07-14,0.33,0.33,0.33
2021-07-15,0.33,0.33,0.33
2021-07-16,0.33,0.33,0.33
2021-07-17,0.33,0.33,0.33
2021-07-18,0.33,0.33,0.33
2021-07-19,0.33,0.33,0.33
2021-07-20,0.33,0.33,0.33
2021-07-21,0.33,0.33,0.33
2021-07-22,0.33,0.33,0.33
2021-07-23,0.33,0.33,0.33
2021-07-24,0.33,0.33,0.33
2021-07-25,0.33,0.33,0.33
2021-07-26,0.33,0.33,0.33
2021-07-27,0.33,0.33,0.33
2021-07-28,0.33,0.33,0.33
2021-07-29,0.123323518782854,0.541328690946102,0.33534780703485
2021-07-30,0.33,0.33,0.33
2021-07-31,0.33,0.33,0.33
2021-08-01,0.33,0.33,0.33
2021-08-02,0.33,0.33,0.33
2021-08-03,0.33,0.33,0.33
2021-08-04,0.33,0.33,0.33
2021-08-05,0.33,0.33,0.33
2021-08-06,0.33,0.33,0.33
2021-08-07,0.297273054718971,0.458287666241328,0.244439279039701
2021-08-08,0.33,0.33,0.33
2021-08-09,0.33,0.33,0.33
2021-08-10,0.15749966791323,0.425701648674228,0.416798688471317
2021-08-11,0.223247554072219,0.360802732731985,0.415949704854385
2021-08-12,0.33,0.33,0.33
2021-08-13,0.33,0.33,0.33
2021-08-14,0.150622054934502,0.339355170726776,0.510022759437561
2021-08-15,0.33,0.33,0.33
2021-08-16,0.33,0.33,0.33
2021-08-17,0.33,0.33,0.33
2021-08-18,0.33,0.33,0.33
2021-08-19,0.33,0.33,0.33
2021-08-20,0.33,0.33,0.33
2021-08-21,0.33,0.33,0.33
2021-08-22,0.33,0.33,0.33
2021-08-23,0.33,0.33,0.33
2021-08-24,0.183324084617198,0.304151903837919,0.512524006267389
2021-08-25,0.18719988334924,0.259813647344708,0.552986471354961
2021-08-26,0.0819143354892731,0.180005616818865,0.738080074389776
2021-08-27,0.167106747627258,0.249712526798248,0.583180665969849
2021-08-28,0.33,0.33,0.33
2021-08-29,0.0142870331183076,0.101126171648502,0.884586751461029
2021-08-30,0.33,0.33,0.33
2021-08-31,0.33,0.33,0.33
2021-09-01,0.140385879203677,0.17151010632515,0.688104003667831
2021-09-02,0.186136156320572,0.699197471141815,0.114666320383549
2021-09-03,0.33,0.33,0.33
2021-09-04,0.33,0.33,0.33
2021-09-05,0.33,0.33,0.33
2021-09-06,0.33,0.33,0.33
2021-09-07,0.812016427516937,0.115420185029507,0.0725633874535561
2021-09-08,0.144927039210285,0.3038260191679,0.55124694108963
2021-09-09,0.480760008096695,0.301060988008976,0.218179017305374
2021-09-10,0.232649579644203,0.381715178489685,0.385635256767273
2021-09-11,0.217936590313911,0.531893819570541,0.250169642269611
2021-09-12,0.514308273792267,0.363787800073624,0.121903866529465
2021-09-13,0.196975601992259,0.408544212579727,0.394480192412933
2021-09-14,0.0467283762991428,0.256803538650274,0.696468055248261
2021-09-15,0.0729111582040787,0.417701721191406,0.509387135505676
2021-09-16,0.0378654524683952,0.423194073140621,0.538940504193306
2021-09-17,0.33,0.33,0.33
2021-09-18,0.33,0.33,0.33
2021-09-19,0.163867042564294,0.310770402059836,0.525362564798664
2021-09-20,0.33,0.33,0.33
2021-09-21,0.33,0.33,0.33
2021-09-22,0.104140593451174,0.244442923542331,0.651416490621427
2021-09-23,0.134931988297747,0.219771912249808,0.645296093458549
2021-09-24,0.0579636543989182,0.118005566298962,0.824030816555023
2021-09-25,0.33,0.33,0.33
2021-09-26,0.33,0.33,0.33
2021-09-27,0.33,0.33,0.33
2021-09-28,0.0695382282137871,0.416253536939621,0.514208197593689
2021-09-29,0.198210880160332,0.623816549777985,0.177972570061684
2021-09-30,0.33,0.33,0.33
2021-10-01,0.351022720336914,0.421722799539566,0.227254539728165
2021-10-02,0.122333079576492,0.393212467432022,0.484454452991486
2021-10-03,0.33,0.33,0.33
2021-10-04,0.33,0.33,0.33
2021-10-05,0.33,0.33,0.33
2021-10-06,0.374827206134796,0.205435052514076,0.419737786054611
2021-10-07,0.812420248985291,0.139522105455399,0.0480576828122139
2021-10-08,0.33,0.33,0.33
2021-10-09,0.33,0.33,0.33
2021-10-10,0.0913370692481597,0.302786459525426,0.605876485506694
2021-10-11,0.353928110003471,0.296382899582386,0.349688997864723
2021-10-12,0.197780486598027,0.260385265026022,0.541834246221126
2021-10-13,0.157406855876056,0.274233261887462,0.568359886272213
2021-10-14,0.137997005553241,0.241771680667349,0.620231323915979
2021-10-15,0.140768304467201,0.195851147174835,0.66338050365448
2021-10-16,0.33,0.33,0.33
2021-10-17,0.106434280052781,0.33588732033968,0.557678386569023
2021-10-18,0.20600598026067,0.243809370324016,0.550184652209282
2021-10-19,0.176320344209671,0.269835859537125,0.553843796253204
2021-10-20,0.124470512072245,0.40783909542693,0.467690377599663
2021-10-21,0.170769153007617,0.221610421935717,0.607620418071747
2021-10-22,0.115750018773334,0.392530843615532,0.491719118186406
2021-10-23,0.0881468299776316,0.182549223303795,0.729303956031799
2021-10-24,0.33,0.33,0.33
2021-10-25,0.33,0.33,0.33
2021-10-26,0.33,0.33,0.33
2021-10-27,0.33,0.33,0.33
2021-10-28,0.33,0.33,0.33
2021-10-29,0.33,0.33,0.33
2021-10-30,0.33,0.33,0.33
2021-10-31,0.33,0.33,0.33
2021-11-01,0.33,0.33,0.33
2021-11-02,0.33,0.33,0.33
2021-11-03,0.33,0.33,0.33
2021-11-04,0.33,0.33,0.33
2021-11-05,0.33,0.33,0.33
2021-11-06,0.33,0.33,0.33
2021-11-07,0.33,0.33,0.33
2021-11-08,0.33,0.33,0.33
2021-11-09,0.200576966120438,0.281845734200694,0.517577320337296
2021-11-10,0.33,0.33,0.33
2021-11-11,0.33,0.33,0.33
2021-11-12,0.33,0.33,0.33
2021-11-13,0.33,0.33,0.33
2021-11-14,0.224796391491379,0.281652712396213,0.493550871099745
2021-11-15,0.0221767667680979,0.16582278907299,0.812000393867493
2021-11-16,0.147039563672846,0.232119628734756,0.620840804880126
2021-11-17,0.107551755703753,0.181760333827697,0.710687891580164
2021-11-18,0.0635489374399185,0.456323772668839,0.480127334594727
2021-11-19,0.103183348849416,0.154916124790907,0.741900533437729
2021-11-20,0.350582309688131,0.20837023605903,0.441047469774882
2021-11-21,0.33,0.33,0.33
2021-11-22,0.33,0.33,0.33
2021-11-23,0.33,0.33,0.33
2021-11-24,0.33,0.33,0.33
2021-11-25,0.71890215575695,0.228198308497667,0.0528995404019952
2021-11-26,0.33,0.33,0.33
2021-11-27,0.33,0.33,0.33
2021-11-28,0.208061739802361,0.354694545269012,0.437243759632111
2021-11-29,0.29133814573288,0.298572033643723,0.410089790821075
2021-11-30,0.130959684437696,0.237677380442619,0.631362944187825
2021-12-01,0.162771895432319,0.225479243848568,0.611748862533997
2021-12-02,0.146105423569679,0.464559689164162,0.38933490216732
2021-12-03,0.0785858258605003,0.164995897561312,0.756418287754059
2021-12-04,0.33,0.33,0.33
2021-12-05,0.33,0.33,0.33
2021-12-06,0.33,0.33,0.33
2021-12-07,0.33,0.33,0.33
2021-12-08,0.33,0.33,0.33
2021-12-09,0.33,0.33,0.33
2021-12-10,0.33,0.33,0.33
2021-12-11,0.33,0.33,0.33
2021-12-12,0.33,0.33,0.33
2021-12-13,0.33,0.33,0.33
2021-12-14,0.33,0.33,0.33
2021-12-15,0.33,0.33,0.33
2021-12-16,0.33,0.33,0.33
2021-12-17,0.33,0.33,0.33
2021-12-18,0.33,0.33,0.33
2021-12-19,0.33,0.33,0.33
2021-12-20,0.33,0.33,0.33
2021-12-21,0.14902559550548,0.269416920978714,0.581557485792372
2021-12-22,0.33,0.33,0.33
2021-12-23,0.33,0.33,0.33
2021-12-24,0.33,0.33,0.33
2021-12-25,0.33,0.33,0.33
2021-12-26,0.33,0.33,0.33
2021-12-27,0.33,0.33,0.33
2021-12-28,0.33,0.33,0.33
2021-12-29,0.33,0.33,0.33
2021-12-30,0.33,0.33,0.33
2021-12-31,0.33,0.33,0.33
2022-01-01,0.33,0.33,0.33
2022-01-02,0.33,0.33,0.33
2022-01-03,0.160911738872528,0.313726514577866,0.525361716747284
2022-01-04,0.33,0.33,0.33
2022-01-05,0.102587051689625,0.842612266540527,0.0548007227480412
2022-01-06,0.33,0.33,0.33
2022-01-07,0.33,0.33,0.33
2022-01-08,0.33,0.33,0.33
2022-01-09,0.33,0.33,0.33
2022-01-10,0.33,0.33,0.33
2022-01-11,0.33,0.33,0.33
2022-01-12,0.33,0.33,0.33
2022-01-13,0.33,0.33,0.33
2022-01-14,0.0402688644826412,0.880533576011658,0.0791975781321526
2022-01-15,0.33,0.33,0.33
2022-01-16,0.33,0.33,0.33
2022-01-17,0.33,0.33,0.33
2022-01-18,0.33,0.33,0.33
2022-01-19,0.33,0.33,0.33
2022-01-20,0.33,0.33,0.33
2022-01-21,0.33,0.33,0.33
2022-01-22,0.174784500151873,0.311882561445236,0.513332945108414
2022-01-23,0.197703678970752,0.308036576146665,0.4942597568683
2022-01-24,0.124211793765426,0.259324934333563,0.616463258862495
2022-01-25,0.0275188963860273,0.0736503824591637,0.898830771446228
2022-01-26,0.33,0.33,0.33
2022-01-27,0.33,0.33,0.33
2022-01-28,0.161984845995903,0.655274152755737,0.18274100124836
2022-01-29,0.33,0.33,0.33
2022-01-30,0.33,0.33,0.33
2022-01-31,0.33,0.33,0.33
2022-02-01,0.0370375076308847,0.0988496001809835,0.864112854003906
2022-02-02,0.175402654908024,0.366126989515928,0.458470360590861
2022-02-03,0.186747479845177,0.341577708946936,0.471674804886182
2022-02-04,0.0990425627678633,0.484688498079777,0.416268914937973
2022-02-05,0.111078374087811,0.714588046073914,0.174333602190018
2022-02-06,0.33,0.33,0.33
2022-02-07,0.33,0.33,0.33
2022-02-08,0.33,0.33,0.33
2022-02-09,0.33,0.33,0.33
2022-02-10,0.33,0.33,0.33
2022-02-11,0.33,0.33,0.33
2022-02-12,0.33,0.33,0.33
2022-02-13,0.33,0.33,0.33
2022-02-14,0.33,0.33,0.33
2022-02-15,0.33,0.33,0.33
2022-02-16,0.33,0.33,0.33
2022-02-17,0.33,0.33,0.33
2022-02-18,0.33,0.33,0.33
2022-02-19,0.157482720911503,0.262331947684288,0.580185353755951
2022-02-20,0.33,0.33,0.33
2022-02-21,0.33,0.33,0.33
2022-02-22,0.33,0.33,0.33
2022-02-23,0.33,0.33,0.33
2022-02-24,0.33,0.33,0.33
2022-02-25,0.33,0.33,0.33
2022-02-26,0.33,0.33,0.33
2022-02-27,0.33,0.33,0.33
2022-02-28,0.33,0.33,0.33
2022-03-01,0.33,0.33,0.33
2022-03-02,0.33,0.33,0.33
2022-03-03,0.33,0.33,0.33
2022-03-04,0.33,0.33,0.33
2022-03-05,0.33,0.33,0.33
2022-03-06,0.33,0.33,0.33
2022-03-07,0.33,0.33,0.33
2022-03-08,0.33,0.33,0.33
2022-03-09,0.33,0.33,0.33
2022-03-10,0.33,0.33,0.33
2022-03-11,0.33,0.33,0.33
2022-03-12,0.33,0.33,0.33
2022-03-13,0.33,0.33,0.33
2022-03-14,0.33,0.33,0.33
2022-03-15,0.0783322067665202,0.201478860740151,0.720188928501947
2022-03-16,0.343384712934494,0.33759942650795,0.319015920162201
2022-03-17,0.33,0.33,0.33
2022-03-18,0.33,0.33,0.33
2022-03-19,0.0190102029591799,0.0529456026852131,0.928044199943543
2022-03-20,0.33,0.33,0.33
2022-03-21,0.33,0.33,0.33
2022-03-22,0.244449302554131,0.381385982036591,0.374164700508118
2022-03-23,0.33,0.33,0.33
2022-03-24,0.33,0.33,0.33
2022-03-25,0.33,0.33,0.33
2022-03-26,0.33,0.33,0.33
2022-03-27,0.33,0.33,0.33
2022-03-28,0.33,0.33,0.33
2022-03-29,0.33,0.33,0.33
2022-03-30,0.33,0.33,0.33
2022-03-31,0.122918266803026,0.256102845072746,0.620978906750679
2022-04-01,0.33,0.33,0.33
2022-04-02,0.33,0.33,0.33
2022-04-03,0.33,0.33,0.33
2022-04-04,0.33,0.33,0.33
2022-04-05,0.33,0.33,0.33
2022-04-06,0.33,0.33,0.33
2022-04-07,0.33,0.33,0.33
2022-04-08,0.33,0.33,0.33
2022-04-09,0.33,0.33,0.33
2022-04-10,0.33,0.33,0.33
2022-04-11,0.33,0.33,0.33
2022-04-12,0.33,0.33,0.33
2022-04-13,0.33,0.33,0.33
2022-04-14,0.33,0.33,0.33
2022-04-15,0.0806839019060135,0.599755585193634,0.319560557603836
2022-04-16,0.33,0.33,0.33
2022-04-17,0.33,0.33,0.33
2022-04-18,0.33,0.33,0.33
2022-04-19,0.33,0.33,0.33
2022-04-20,0.33,0.33,0.33
2022-04-21,0.33,0.33,0.33
2022-04-22,0.33,0.33,0.33
2022-04-23,0.33,0.33,0.33
2022-04-24,0.33,0.33,0.33
2022-04-25,0.33,0.33,0.33
2022-04-26,0.195758590564491,0.318683831402695,0.485557582408908
2022-04-27,0.15147249256684,0.363141989786968,0.485385516150431
2022-04-28,0.181626829983933,0.457262897597892,0.361110277473927
2022-04-29,0.055976428091526,0.108205169439316,0.835818409919739
2022-04-30,0.33,0.33,0.33
2022-05-01,0.33,0.33,0.33
2022-05-02,0.33,0.33,0.33
2022-05-03,0.33,0.33,0.33
2022-05-04,0.33,0.33,0.33
2022-05-05,0.33,0.33,0.33
2022-05-06,0.33,0.33,0.33
2022-05-07,0.33,0.33,0.33
2022-05-08,0.33,0.33,0.33
2022-05-09,0.33,0.33,0.33
2022-05-10,0.33,0.33,0.33
2022-05-11,0.33,0.33,0.33
2022-05-12,0.211616750298576,0.347045520574532,0.441337727744019
2022-05-13,0.208966681383112,0.311055258617682,0.479978060371736
2022-05-14,0.231958287102836,0.332441433199814,0.435600284753101
2022-05-15,0.33,0.33,0.33
2022-05-16,0.33,0.33,0.33
2022-05-17,0.196120295673609,0.363379759093126,0.440499940266212
2022-05-18,0.0176487304270268,0.0739085525274277,0.908442676067352
2022-05-19,0.0124468188732862,0.0531879775226116,0.934365153312683
2022-05-20,0.33,0.33,0.33
2022-05-21,0.33,0.33,0.33
2022-05-22,0.33,0.33,0.33
2022-05-23,0.578599801456386,0.247191280973229,0.174208920957013
2022-05-24,0.405063435435295,0.334556166614805,0.260380395821163
2022-05-25,0.778574109077454,0.181756466627121,0.0396694615483284
2022-05-26,0.622523859143257,0.286308459937573,0.0911676734685898
2022-05-27,0.33,0.33,0.33
2022-05-28,0.33,0.33,0.33
2022-05-29,0.33,0.33,0.33
2022-05-30,0.256060100530112,0.291958968199435,0.451980929407809
2022-05-31,0.109351713210344,0.359299130737782,0.531349167227745
2022-06-01,0.33,0.33,0.33
2022-06-02,0.33,0.33,0.33
2022-06-03,0.33,0.33,0.33
2022-06-04,0.211513603464342,0.349311910856229,0.439174479590013
2022-06-05,0.196137993286053,0.251893676817417,0.551968338588874
2022-06-06,0.578092098236084,0.23810388147831,0.183804050087929
2022-06-07,0.317265461245552,0.286097825411707,0.396636711945757
2022-06-08,0.221999822977176,0.328708096651272,0.44929208267214
2022-06-09,0.208793398421044,0.32008021547534,0.47112638507595
2022-06-10,0.229114143570593,0.326736993414451,0.444148858358343
2022-06-11,0.141262355792735,0.298165546996253,0.56057211357568
2022-06-12,0.118448620662093,0.251822344958782,0.629729017615318
2022-06-13,0.214333566240011,0.335987013310958,0.449679402968822
2022-06-14,0.260042636758751,0.447124484512541,0.292832868380679
2022-06-15,0.0954422081510226,0.336331377426783,0.56822640200456
2022-06-16,0.112391970306635,0.160892722010613,0.726715278625488
2022-06-17,0.210458638093301,0.317049288111074,0.472492075551833
2022-06-18,0.189574988351928,0.345517128705978,0.464907873007986
2022-06-19,0.0524308681488037,0.672043800354004,0.275525391101837
2022-06-20,0.161947626620531,0.434430003166199,0.403622388839722
2022-06-21,0.18679940700531,0.446485787630081,0.366714805364609
2022-06-22,0.488970905542374,0.27057808637619,0.240451037883759
2022-06-23,0.33,0.33,0.33
2022-06-24,0.33,0.33,0.33
2022-06-25,0.33,0.33,0.33
2022-06-26,0.33,0.33,0.33
2022-06-27,0.301209360361099,0.345970034599304,0.352820605039597
2022-06-28,0.33,0.33,0.33
2022-06-29,0.33,0.33,0.33
2022-06-30,0.33,0.33,0.33
2022-07-01,0.33,0.33,0.33
2022-07-02,0.33,0.33,0.33
2022-07-03,0.33,0.33,0.33
2022-07-04,0.33,0.33,0.33
2022-07-05,0.33,0.33,0.33
2022-07-06,0.242209193499192,0.297387717696636,0.460403075360734
2022-07-07,0.136550531722605,0.433763654902577,0.42968581803143
2022-07-08,0.33,0.33,0.33
2022-07-09,0.33,0.33,0.33
2022-07-10,0.33,0.33,0.33
2022-07-11,0.33,0.33,0.33
2022-07-12,0.33,0.33,0.33
2022-07-13,0.33,0.33,0.33
2022-07-14,0.217900779957955,0.311769738752436,0.47032948098258
2022-07-15,0.19170183143518,0.304161677112827,0.504136494034297
2022-07-16,0.242327343802466,0.327592376229721,0.430080276329157
2022-07-17,0.0906582444906235,0.255403834581375,0.653937900066376
2022-07-18,0.33,0.33,0.33
2022-07-19,0.212767412655183,0.328716388019996,0.45851620254863
2022-07-20,0.251799429697332,0.338107589576671,0.410092981115206
2022-07-21,0.169481543824077,0.331057734787464,0.499460764229298
2022-07-22,0.33,0.33,0.33
2022-07-23,0.33,0.33,0.33
2022-07-24,0.33,0.33,0.33
2022-07-25,0.33,0.33,0.33
2022-07-26,0.254288118953506,0.380926820759972,0.364785065874457
2022-07-27,0.120824271813035,0.233964033424854,0.645211726427078
2022-07-28,0.33,0.33,0.33
2022-07-29,0.33,0.33,0.33
2022-07-30,0.33,0.33,0.33
2022-07-31,0.33,0.33,0.33
2022-08-01,0.33,0.33,0.33
2022-08-02,0.33,0.33,0.33
2022-08-03,0.131145734668655,0.324506703545066,0.544347560690606
2022-08-04,0.136558921245689,0.238274033774029,0.625167065723376
2022-08-05,0.194627260168393,0.474912852048874,0.330459902683894
2022-08-06,0.153835013508797,0.403613425791264,0.442551589437893
2022-08-07,0.134746899828315,0.222092658281326,0.643160417675972
2022-08-08,0.181468158960342,0.467218428850174,0.351313441991806
2022-08-09,0.33,0.33,0.33
2022-08-10,0.0289935097098351,0.131603226065636,0.839403212070465
2022-08-11,0.33,0.33,0.33
2022-08-12,0.33,0.33,0.33
2022-08-13,0.0407684445381165,0.124884821474552,0.83434671163559
2022-08-14,0.114104961045086,0.266882766038179,0.61901231110096
2022-08-15,0.121789209544659,0.406667068600655,0.471543714404106
2022-08-16,0.33,0.33,0.33
2022-08-17,0.132829233724624,0.329314644448459,0.537856119126081
2022-08-18,0.320756836483876,0.143824515243371,0.535418656344215
2022-08-19,0.0646408349275589,0.286332577466965,0.649026572704315
2022-08-20,0.0586141422390938,0.271928369998932,0.669457495212555
2022-08-21,0.73502117395401,0.187088802456856,0.0778899863362312
2022-08-22,0.124373979866505,0.767250001430512,0.10837596654892
2022-08-23,0.214175432920456,0.553462028503418,0.232362493872643
2022-08-24,0.33,0.33,0.33
2022-08-25,0.196051124483347,0.459618296474218,0.344330616295338
2022-08-26,0.33,0.33,0.33
2022-08-27,0.33,0.33,0.33
2022-08-28,0.33,0.33,0.33
2022-08-29,0.0393775254487991,0.359585106372833,0.601037442684174
2022-08-30,0.163607761263847,0.738822281360626,0.0975699424743652
2022-08-31,0.179625224284067,0.343387194205912,0.476987590671194
2022-09-01,0.226330959252895,0.31662420697865,0.457044834773692
2022-09-02,0.167754435753923,0.350678685358015,0.481566877940954
2022-09-03,0.221519870683551,0.548805038134257,0.229675066967805
2022-09-04,0.302268594503403,0.351739411552747,0.345991984009743
2022-09-05,0.199173759738052,0.333101029335349,0.467725205959545
2022-09-06,0.204090468585491,0.335253089666367,0.460656441748142
2022-09-07,0.178601360693574,0.329400070259968,0.491998576372862
2022-09-08,0.177465493575885,0.354044128495913,0.46849038795783
2022-09-09,0.11537809483707,0.302755825221539,0.581866085529327
2022-09-10,0.302861034870148,0.647513866424561,0.0496250689029694
2022-09-11,0.166384618729353,0.451266244053841,0.382349148392677
2022-09-12,0.33,0.33,0.33
2022-09-13,0.33,0.33,0.33
2022-09-14,0.33,0.33,0.33
2022-09-15,0.33,0.33,0.33
2022-09-16,0.33,0.33,0.33
2022-09-17,0.33,0.33,0.33
2022-09-18,0.33,0.33,0.33
2022-09-19,0.211383062777006,0.309447368606925,0.479169571082349
2022-09-20,0.307222951203585,0.24179615949591,0.450980891784032
2022-09-21,0.33,0.33,0.33
2022-09-22,0.33,0.33,0.33
2022-09-23,0.33,0.33,0.33
2022-09-24,0.33,0.33,0.33
2022-09-25,0.33,0.33,0.33
2022-09-26,0.33,0.33,0.33
2022-09-27,0.33,0.33,0.33
2022-09-28,0.33,0.33,0.33
2022-09-29,0.18214000290946,0.299684411993152,0.518175589018746
2022-09-30,0.194257057804082,0.283588746828692,0.522154180066926
2022-10-01,0.20064103603363,0.205332323908806,0.594026625156403
2022-10-02,0.201893907040358,0.307999789714813,0.490106334288915
2022-10-03,0.33,0.33,0.33
2022-10-04,0.33,0.33,0.33
2022-10-05,0.33,0.33,0.33
2022-10-06,0.33,0.33,0.33
2022-10-07,0.33,0.33,0.33
2022-10-08,0.33,0.33,0.33
2022-10-09,0.33,0.33,0.33
2022-10-10,0.33,0.33,0.33
2022-10-11,0.33,0.33,0.33
2022-10-12,0.33,0.33,0.33
2022-10-13,0.0995136797428131,0.18867601454258,0.711810350418091
2022-10-14,0.33,0.33,0.33
2022-10-15,0.33,0.33,0.33
2022-10-16,0.33,0.33,0.33
2022-10-17,0.33,0.33,0.33
2022-10-18,0.33,0.33,0.33
2022-10-19,0.33,0.33,0.33
2022-10-20,0.33,0.33,0.33
2022-10-21,0.33,0.33,0.33
2022-10-22,0.33,0.33,0.33
2022-10-23,0.33,0.33,0.33
2022-10-24,0.33,0.33,0.33
2022-10-25,0.33,0.33,0.33
2022-10-26,0.33,0.33,0.33
2022-10-27,0.322728723287582,0.283837139606476,0.393434166908264
2022-10-28,0.33,0.33,0.33
2022-10-29,0.33,0.33,0.33
2022-10-30,0.33,0.33,0.33
2022-10-31,0.33,0.33,0.33
2022-11-01,0.33,0.33,0.33
2022-11-02,0.33,0.33,0.33
2022-11-03,0.33,0.33,0.33
2022-11-04,0.33,0.33,0.33
2022-11-05,0.33,0.33,0.33
2022-11-06,0.33,0.33,0.33
2022-11-07,0.33,0.33,0.33
2022-11-08,0.33,0.33,0.33
2022-11-09,0.33,0.33,0.33
2022-11-10,0.33,0.33,0.33
2022-11-11,0.33,0.33,0.33
2022-11-12,0.33,0.33,0.33
2022-11-13,0.33,0.33,0.33
2022-11-14,0.33,0.33,0.33
2022-11-15,0.33,0.33,0.33
2022-11-16,0.674923479557037,0.181680247187614,0.143396273255348
2022-11-17,0.46480586193502,0.0993787869811058,0.435815329663456
2022-11-18,0.33,0.33,0.33
2022-11-19,0.33,0.33,0.33
2022-11-20,0.33,0.33,0.33
2022-11-21,0.33,0.33,0.33
2022-11-22,0.33,0.33,0.33
2022-11-23,0.33,0.33,0.33
2022-11-24,0.33,0.33,0.33
2022-11-25,0.33,0.33,0.33
2022-11-26,0.33,0.33,0.33
2022-11-27,0.0726463347673416,0.851718485355377,0.07563516497612
2022-11-28,0.33,0.33,0.33
2022-11-29,0.33,0.33,0.33
2022-11-30,0.33,0.33,0.33
2022-12-01,0.33,0.33,0.33
2022-12-02,0.33,0.33,0.33
2022-12-03,0.33,0.33,0.33
2022-12-04,0.33,0.33,0.33
2022-12-05,0.33,0.33,0.33
2022-12-06,0.33,0.33,0.33
2022-12-07,0.33,0.33,0.33
2022-12-08,0.33,0.33,0.33
2022-12-09,0.33,0.33,0.33
2022-12-10,0.33,0.33,0.33
2022-12-11,0.33,0.33,0.33
2022-12-12,0.33,0.33,0.33
2022-12-13,0.33,0.33,0.33
2022-12-14,0.33,0.33,0.33
2022-12-15,0.33,0.33,0.33
2022-12-16,0.33,0.33,0.33
2022-12-17,0.33,0.33,0.33
2022-12-18,0.33,0.33,0.33
2022-12-19,0.107306452840567,0.229379361867905,0.663314187526703
2022-12-20,0.33,0.33,0.33
2022-12-21,0.33,0.33,0.33
2022-12-22,0.33,0.33,0.33
2022-12-23,0.162044361233711,0.17420195043087,0.663753688335419
2022-12-24,0.33,0.33,0.33
2022-12-25,0.33,0.33,0.33
2022-12-26,0.33,0.33,0.33
2022-12-27,0.33,0.33,0.33
2022-12-28,0.33,0.33,0.33
2022-12-29,0.185290957401906,0.260665810001748,0.554043240845203
2022-12-30,0.0808959975838661,0.130259558558464,0.788844406604767
2022-12-31,0.33,0.33,0.33
2023-01-01,0.33,0.33,0.33
2023-01-02,0.33,0.33,0.33
2023-01-03,0.33,0.33,0.33
2023-01-04,0.33,0.33,0.33
2023-01-05,0.33,0.33,0.33
2023-01-06,0.33,0.33,0.33
2023-01-07,0.33,0.33,0.33
2023-01-08,0.33,0.33,0.33
2023-01-09,0.33,0.33,0.33
2023-01-10,0.33,0.33,0.33
2023-01-11,0.33,0.33,0.33
2023-01-12,0.33,0.33,0.33
2023-01-13,0.33,0.33,0.33
2023-01-14,0.33,0.33,0.33
2023-01-15,0.33,0.33,0.33
2023-01-16,0.33,0.33,0.33
2023-01-17,0.297973080405167,0.388587645121983,0.313439279262509
2023-01-18,0.242564890906215,0.359345319867134,0.398089796304703
2023-01-19,0.33,0.33,0.33
2023-01-20,0.33,0.33,0.33
2023-01-21,0.33,0.33,0.33
2023-01-22,0.33,0.33,0.33
2023-01-23,0.33,0.33,0.33
2023-01-24,0.33,0.33,0.33
2023-01-25,0.33,0.33,0.33
2023-01-26,0.33,0.33,0.33
2023-01-27,0.33,0.33,0.33
2023-01-28,0.33,0.33,0.33
2023-01-29,0.33,0.33,0.33
2023-01-30,0.33,0.33,0.33
2023-01-31,0.33,0.33,0.33
2023-02-01,0.33,0.33,0.33
2023-02-02,0.33,0.33,0.33
2023-02-03,0.33,0.33,0.33
2023-02-04,0.33,0.33,0.33
2023-02-05,0.33,0.33,0.33
2023-02-06,0.33,0.33,0.33
2023-02-07,0.33,0.33,0.33
2023-02-08,0.33,0.33,0.33
2023-02-09,0.33,0.33,0.33
2023-02-10,0.33,0.33,0.33
2023-02-11,0.33,0.33,0.33
2023-02-12,0.33,0.33,0.33
2023-02-13,0.33,0.33,0.33
2023-02-14,0.33,0.33,0.33
2023-02-15,0.33,0.33,0.33
2023-02-16,0.33,0.33,0.33
2023-02-17,0.33,0.33,0.33
2023-02-18,0.33,0.33,0.33
2023-02-19,0.33,0.33,0.33
2023-02-20,0.33,0.33,0.33
2023-02-21,0.33,0.33,0.33
2023-02-22,0.33,0.33,0.33
2023-02-23,0.33,0.33,0.33
2023-02-24,0.33,0.33,0.33
2023-02-25,0.33,0.33,0.33
2023-02-26,0.33,0.33,0.33
2023-02-27,0.33,0.33,0.33
2023-02-28,0.33,0.33,0.33
2023-03-01,0.33,0.33,0.33
2023-03-02,0.33,0.33,0.33
2023-03-03,0.33,0.33,0.33
2023-03-04,0.33,0.33,0.33
2023-03-05,0.33,0.33,0.33
2023-03-06,0.33,0.33,0.33
2023-03-07,0.33,0.33,0.33
2023-03-08,0.33,0.33,0.33
2023-03-09,0.33,0.33,0.33
2023-03-10,0.33,0.33,0.33
2023-03-11,0.33,0.33,0.33
2023-03-12,0.33,0.33,0.33
2023-03-13,0.33,0.33,0.33
2023-03-14,0.33,0.33,0.33
2023-03-15,0.33,0.33,0.33
2023-03-16,0.22418767867097,0.327917185274587,0.447895132464127
2023-03-17,0.142430491435031,0.400046634384327,0.457522851725419
2023-03-18,0.135721522693833,0.44491375486056,0.419364745418231
2023-03-19,0.33,0.33,0.33
2023-03-20,0.33,0.33,0.33
2023-03-21,0.33,0.33,0.33
2023-03-22,0.33,0.33,0.33
2023-03-23,0.33,0.33,0.33
2023-03-24,0.33,0.33,0.33
2023-03-25,0.33,0.33,0.33
2023-03-26,0.33,0.33,0.33
2023-03-27,0.33,0.33,0.33
2023-03-28,0.33,0.33,0.33
2023-03-29,0.33,0.33,0.33
2023-03-30,0.33,0.33,0.33
2023-03-31,0.33,0.33,0.33
2023-04-01,0.33,0.33,0.33
2023-04-02,0.33,0.33,0.33
2023-04-03,0.33,0.33,0.33
2023-04-04,0.33,0.33,0.33
2023-04-05,0.33,0.33,0.33
2023-04-06,0.33,0.33,0.33
2023-04-07,0.33,0.33,0.33
2023-04-08,0.33,0.33,0.33
2023-04-09,0.33,0.33,0.33
2023-04-10,0.33,0.33,0.33
2023-04-11,0.33,0.33,0.33
2023-04-12,0.33,0.33,0.33
2023-04-13,0.33,0.33,0.33
2023-04-14,0.33,0.33,0.33
2023-04-15,0.33,0.33,0.33
2023-04-16,0.33,0.33,0.33
2023-04-17,0.33,0.33,0.33
2023-04-18,0.33,0.33,0.33
2023-04-19,0.33,0.33,0.33
2023-04-20,0.33,0.33,0.33
2023-04-21,0.33,0.33,0.33
2023-04-22,0.33,0.33,0.33
2023-04-23,0.33,0.33,0.33
2023-04-24,0.33,0.33,0.33
2023-04-25,0.33,0.33,0.33
2023-04-26,0.33,0.33,0.33
2023-04-27,0.33,0.33,0.33
2023-04-28,0.33,0.33,0.33
2023-04-29,0.33,0.33,0.33
2023-04-30,0.33,0.33,0.33
2023-05-01,0.33,0.33,0.33
2023-05-02,0.33,0.33,0.33
2023-05-03,0.33,0.33,0.33
2023-05-04,0.33,0.33,0.33
2023-05-05,0.33,0.33,0.33
2023-05-06,0.33,0.33,0.33
2023-05-07,0.33,0.33,0.33
2023-05-08,0.33,0.33,0.33
2023-05-09,0.33,0.33,0.33
2023-05-10,0.33,0.33,0.33
2023-05-11,0.33,0.33,0.33
2023-05-12,0.33,0.33,0.33
2023-05-13,0.33,0.33,0.33
2023-05-14,0.33,0.33,0.33
2023-05-15,0.33,0.33,0.33
2023-05-16,0.33,0.33,0.33
2023-05-17,0.33,0.33,0.33
2023-05-18,0.33,0.33,0.33
2023-05-19,0.33,0.33,0.33
2023-05-20,0.33,0.33,0.33
2023-05-21,0.33,0.33,0.33
2023-05-22,0.33,0.33,0.33
2023-05-23,0.33,0.33,0.33
2023-05-24,0.33,0.33,0.33
2023-05-25,0.248466272355506,0.503999820875901,0.247533906803087
2023-05-26,0.107966823875904,0.668597996234894,0.22343515753746
2023-05-27,0.33,0.33,0.33
2023-05-28,0.33,0.33,0.33
2023-05-29,0.33,0.33,0.33
2023-05-30,0.254922956228256,0.426235407590866,0.3188416659832
2023-05-31,0.0734296813607216,0.187798231840134,0.738772094249725
2023-06-01,0.33,0.33,0.33
2023-06-02,0.33,0.33,0.33
2023-06-03,0.33,0.33,0.33
2023-06-04,0.33,0.33,0.33
2023-06-05,0.0324004329741001,0.0562331266701222,0.911366403102875
2023-06-06,0.33,0.33,0.33
2023-06-07,0.33,0.33,0.33
2023-06-08,0.33,0.33,0.33
2023-06-09,0.33,0.33,0.33
2023-06-10,0.33,0.33,0.33
2023-06-11,0.33,0.33,0.33
2023-06-12,0.33,0.33,0.33
2023-06-13,0.33,0.33,0.33
2023-06-14,0.33,0.33,0.33
2023-06-15,0.33,0.33,0.33
2023-06-16,0.33,0.33,0.33
2023-06-17,0.33,0.33,0.33
2023-06-18,0.33,0.33,0.33
2023-06-19,0.33,0.33,0.33
2023-06-20,0.33,0.33,0.33
2023-06-21,0.33,0.33,0.33
2023-06-22,0.33,0.33,0.33
2023-06-23,0.33,0.33,0.33
2023-06-24,0.33,0.33,0.33
2023-06-25,0.33,0.33,0.33
2023-06-26,0.225706398487091,0.453316226601601,0.320977343246341
2023-06-27,0.21302692592144,0.624915361404419,0.162057727575302
2023-06-28,0.326608650386333,0.361993671953678,0.311397679150105
2023-06-29,0.17038621660322,0.308641646057367,0.5209721326828
2023-06-30,0.33,0.33,0.33
2023-07-01,0.33,0.33,0.33
2023-07-02,0.72547322511673,0.150373473763466,0.124153263866901
2023-07-03,0.33,0.33,0.33
2023-07-04,0.33,0.33,0.33
2023-07-05,0.33,0.33,0.33
2023-07-06,0.33,0.33,0.33
2023-07-07,0.33,0.33,0.33
2023-07-08,0.33,0.33,0.33
2023-07-09,0.33,0.33,0.33
2023-07-10,0.33,0.33,0.33
2023-07-11,0.0569232478737831,0.844529509544373,0.098547175526619
2023-07-12,0.52374592423439,0.241941370069981,0.234312683343887
2023-07-13,0.33,0.33,0.33
2023-07-14,0.33,0.33,0.33
2023-07-15,0.33,0.33,0.33
2023-07-16,0.33,0.33,0.33
2023-07-17,0.33,0.33,0.33
2023-07-18,0.33,0.33,0.33
2023-07-19,0.134792466958364,0.422753311693668,0.442454201479753
2023-07-20,0.072185754776001,0.883788287639618,0.0440260097384453
2023-07-21,0.33,0.33,0.33
2023-07-22,0.265560746192932,0.424606949090958,0.309832334518433
2023-07-23,0.33,0.33,0.33
2023-07-24,0.33,0.33,0.33
2023-07-25,0.207882876973599,0.289095416044196,0.503021717381974
2023-07-26,0.180568318281855,0.491897978952953,0.327533707022667
2023-07-27,0.380695465952158,0.275221228599548,0.344083312898874
2023-07-28,0.0324867968447506,0.417836893349886,0.549676366150379
2023-07-29,0.33,0.33,0.33
2023-07-30,0.33,0.33,0.33
2023-07-31,0.0989549063858302,0.311473378199427,0.589571712429033
2023-08-01,0.148800620602237,0.254293914884329,0.596905471964015
2023-08-02,0.264840101202329,0.301514628032843,0.433645279871093
2023-08-03,0.187335583070914,0.489440903067589,0.323223516345024
2023-08-04,0.119382971897721,0.313822858035564,0.566794171929359
2023-08-05,0.185610055923462,0.256526559591293,0.557863354682922
2023-08-06,0.33,0.33,0.33
2023-08-07,0.208658234216273,0.288493139403207,0.502848623054368
2023-08-08,0.137815525341365,0.357734312613805,0.504450147350629
2023-08-09,0.066893644630909,0.188963870207469,0.744142472743988
2023-08-10,0.177126866592853,0.360559558426892,0.462313569254345
2023-08-11,0.343686740845442,0.320813116927942,0.335500157127778
2023-08-12,0.115151700749993,0.320210738480091,0.564637544751167
2023-08-13,0.0426015257835388,0.152653649449348,0.804744780063629
2023-08-14,0.219390089313189,0.413496136665344,0.367113774021467
2023-08-15,0.157213878300455,0.446772853533427,0.396013277272383
2023-08-16,0.234986521117389,0.406055996194482,0.3589574707672
2023-08-17,0.20194097591771,0.320207611057493,0.477851411286328
2023-08-18,0.176880408550652,0.284171715483699,0.538947876595276
2023-08-19,0.233180699426503,0.30111636079493,0.465702917959009
2023-08-20,0.206628254821731,0.369607725077205,0.42376402227415
2023-08-21,0.169911181064029,0.313987861142347,0.516100975243669
2023-08-22,0.168449826802438,0.34500148439159,0.486548687517643
2023-08-23,0.183318573939666,0.308370910584927,0.508310514282477
2023-08-24,0.185894499725056,0.28405764616198,0.53004784746066
2023-08-25,0.178338989703301,0.233368667475176,0.588292340097844
2023-08-26,0.281735721537296,0.336792667560718,0.38147161079242
2023-08-27,0.233329294042455,0.28164441511035,0.485026273462508
2023-08-28,0.135878535918891,0.289244755357504,0.574876707792282
2023-08-29,0.149633888155222,0.238289222121239,0.61207689717412
2023-08-30,0.127883582586242,0.274195043310042,0.597921368095183
2023-08-31,0.156919546891004,0.319174774277669,0.523905687607252
2023-09-01,0.162719943725288,0.349160866031066,0.488119193738458
2023-09-02,0.215841655661775,0.290796654552899,0.493361691012979
2023-09-03,0.170920913625095,0.241922405858835,0.58715667658382
2023-09-04,0.160807289928198,0.456377265850703,0.382815432051818
2023-09-05,0.218751880356198,0.370063175853246,0.411184945613401
2023-09-06,0.18296482861042,0.35699794664979,0.460037228967185
2023-09-07,0.211990229680799,0.356662690053495,0.43134707348484
2023-09-08,0.249761749606799,0.37333488814971,0.376903364106136
2023-09-09,0.225727090878146,0.391974204352924,0.382298718605723
2023-09-10,0.277442237734795,0.420862208306789,0.301695536822081
2023-09-11,0.330125979014805,0.352376680288996,0.317497347082411
2023-09-12,0.379808247089386,0.491758823394775,0.128432989120483
2023-09-13,0.056233711540699,0.241897603869438,0.701868653297424
2023-09-14,0.188685843348503,0.420627379417419,0.390686771273613
2023-09-15,0.1659065335989,0.44110232591629,0.392991185188293
2023-09-16,0.887156844139099,0.0979772359132767,0.0148659516125917
2023-09-17,0.0523186028003693,0.353890061378479,0.593791365623474
2023-09-18,0.0320987105369568,0.390301316976547,0.577599942684174
2023-09-19,0.33,0.33,0.33
2023-09-20,0.0922797098755837,0.282382100820541,0.625338196754456
2023-09-21,0.0617594122886658,0.146834045648575,0.791406571865082
2023-09-22,0.33,0.33,0.33
2023-09-23,0.178866045380181,0.364104601469907,0.457029365680435
2023-09-24,0.206217451393604,0.356512163579464,0.437270352244377
2023-09-25,0.2993768952373,0.336929225259357,0.363693859014246
2023-09-26,0.478092327713966,0.2774708122015,0.244436863809824
2023-09-27,0.254532128572464,0.377112746238709,0.368355125188828
2023-09-28,0.222229550696082,0.312882559994857,0.46488791021208
2023-09-29,0.134423057238261,0.328612431883812,0.536964486042659
2023-09-30,0.33,0.33,0.33
2023-10-01,0.33,0.33,0.33
2023-10-02,0.33,0.33,0.33
2023-10-03,0.33,0.33,0.33
2023-10-04,0.33,0.33,0.33
2023-10-05,0.33,0.33,0.33
2023-10-06,0.369039535522461,0.295152068138123,0.335808426141739
2023-10-07,0.186715613985651,0.302571222619262,0.510713172426751
2023-10-08,0.143214631775793,0.332143479924915,0.524641887118508
2023-10-09,0.132679074071348,0.244361527264118,0.622959390282631
2023-10-10,0.115010720677674,0.340058479458094,0.544930789619684
2023-10-11,0.33,0.33,0.33
2023-10-12,0.33,0.33,0.33
2023-10-13,0.33,0.33,0.33
2023-10-14,0.33,0.33,0.33
2023-10-15,0.33,0.33,0.33
2023-10-16,0.33,0.33,0.33
2023-10-17,0.33,0.33,0.33
2023-10-18,0.33,0.33,0.33
2023-10-19,0.0369670130312443,0.107298724353313,0.85573422908783
2023-10-20,0.222680673003197,0.388683468103409,0.388635843992233
2023-10-21,0.33,0.33,0.33
2023-10-22,0.33,0.33,0.33
2023-10-23,0.33,0.33,0.33
2023-10-24,0.33,0.33,0.33
2023-10-25,0.33,0.33,0.33
2023-10-26,0.33,0.33,0.33
2023-10-27,0.33,0.33,0.33
2023-10-28,0.33,0.33,0.33
2023-10-29,0.33,0.33,0.33
2023-10-30,0.33,0.33,0.33
2023-10-31,0.33,0.33,0.33
2023-11-01,0.33,0.33,0.33
2023-11-02,0.33,0.33,0.33
2023-11-03,0.33,0.33,0.33
2023-11-04,0.33,0.33,0.33
2023-11-05,0.0590863674879074,0.611993193626404,0.32892045378685
2023-11-06,0.28144633769989,0.481917664408684,0.236636005342007
2023-11-07,0.134962774414037,0.321366503834724,0.543670719223363
2023-11-08,0.137692506518215,0.31267809998244,0.549629389494658
2023-11-09,0.181488689035177,0.497156277298927,0.321355000138283
2023-11-10,0.0541193448007107,0.821286499500275,0.124594137072563
2023-11-11,0.0276655033230782,0.318462461233139,0.653872013092041
2023-11-12,0.376761513948441,0.256036293506622,0.367202189564705
2023-11-13,0.0619690623134375,0.234394758939743,0.703636199235916
2023-11-14,0.33,0.33,0.33
2023-11-15,0.173848301172256,0.307065308094025,0.519086420536041
2023-11-16,0.395643663903077,0.298359274864197,0.305997086067994
2023-11-17,0.33,0.33,0.33
2023-11-18,0.33,0.33,0.33
2023-11-19,0.33,0.33,0.33
2023-11-20,0.33,0.33,0.33
2023-11-21,0.33,0.33,0.33
2023-11-22,0.33,0.33,0.33
2023-11-23,0.33,0.33,0.33
2023-11-24,0.33,0.33,0.33
2023-11-25,0.33,0.33,0.33
2023-11-26,0.175773300114088,0.351453623268753,0.472773071378469
2023-11-27,0.403453409671783,0.333257853984833,0.263288795948029
2023-11-28,0.255838805437088,0.389458623528481,0.354702562093735
2023-11-29,0.339978724718094,0.377137422561646,0.282883830368519
2023-11-30,0.234598070383072,0.276092529296875,0.489309340715408
2023-12-01,0.33,0.33,0.33
2023-12-02,0.433555424213409,0.364919275045395,0.201525330543518
2023-12-03,0.33,0.33,0.33
2023-12-04,0.33,0.33,0.33
2023-12-05,0.33,0.33,0.33
2023-12-06,0.33,0.33,0.33
2023-12-07,0.33,0.33,0.33
2023-12-08,0.211300453171134,0.291520418599248,0.497179165482521
2023-12-09,0.0451759956777096,0.120369367301464,0.834454655647278
2023-12-10,0.11923169841369,0.392698138952255,0.488070140282313
2023-12-11,0.33,0.33,0.33
2023-12-12,0.590425789356232,0.310194939374924,0.0993793159723282
2023-12-13,0.33,0.33,0.33
2023-12-14,0.33,0.33,0.33
2023-12-15,0.33,0.33,0.33
2023-12-16,0.33,0.33,0.33
2023-12-17,0.33,0.33,0.33
2023-12-18,0.33,0.33,0.33
2023-12-19,0.33,0.33,0.33
2023-12-20,0.33,0.33,0.33
2023-12-21,0.33,0.33,0.33
2023-12-22,0.33,0.33,0.33
2023-12-23,0.33,0.33,0.33
2023-12-24,0.33,0.33,0.33
2023-12-25,0.33,0.33,0.33
2023-12-26,0.33,0.33,0.33
2023-12-27,0.33,0.33,0.33
2023-12-28,0.33,0.33,0.33
2023-12-29,0.33,0.33,0.33
2023-12-30,0.33,0.33,0.33
2023-12-31,0.33,0.33,0.33
2024-01-01,0.231676168739796,0.401679277420044,0.36664454638958
2024-01-02,0.22910612821579,0.432094424962997,0.338799484074116
2024-01-03,0.420488774776459,0.36257441341877,0.216936813667417
2024-01-04,0.33,0.33,0.33
2024-01-05,0.0952356904745102,0.170239925384521,0.734524369239807
2024-01-06,0.127433477590481,0.298820088307063,0.573746447761854
2024-01-07,0.267912238836288,0.491653293371201,0.240434497594833
2024-01-08,0.200918477773666,0.438603711128235,0.360477817058563
2024-01-09,0.0826080441474915,0.295507192611694,0.621884748339653
2024-01-10,0.33,0.33,0.33
2024-01-11,0.33,0.33,0.33
2024-01-12,0.33,0.33,0.33
2024-01-13,0.33,0.33,0.33
2024-01-14,0.33,0.33,0.33
2024-01-15,0.33,0.33,0.33
2024-01-16,0.33,0.33,0.33
2024-01-17,0.33,0.33,0.33
2024-01-18,0.256976932287216,0.436376750469208,0.306646347045898
2024-01-19,0.33,0.33,0.33
2024-01-20,0.33,0.33,0.33
2024-01-21,0.33,0.33,0.33
2024-01-22,0.189819491291537,0.351601281592363,0.458579232091013
2024-01-23,0.33,0.33,0.33
2024-01-24,0.33,0.33,0.33
2024-01-25,0.33,0.33,0.33
2024-01-26,0.33,0.33,0.33
2024-01-27,0.33,0.33,0.33
2024-01-28,0.33,0.33,0.33
2024-01-29,0.33,0.33,0.33
2024-01-30,0.33,0.33,0.33
2024-01-31,0.33,0.33,0.33
2024-02-01,0.33,0.33,0.33
2024-02-02,0.33,0.33,0.33
2024-02-03,0.33,0.33,0.33
2024-02-04,0.33,0.33,0.33
2024-02-05,0.33,0.33,0.33
2024-02-06,0.33,0.33,0.33
2024-02-07,0.0546838873997331,0.238784041255713,0.706532061100006
2024-02-08,0.33,0.33,0.33
2024-02-09,0.33,0.33,0.33
2024-02-10,0.252574451950689,0.51980816796422,0.227617372696598
2024-02-11,0.364303715527058,0.448651803036531,0.187044447908799
2024-02-12,0.33,0.33,0.33
2024-02-13,0.357524126768112,0.420460263888041,0.2220156143109
2024-02-14,0.33,0.33,0.33
2024-02-15,0.33,0.33,0.33
2024-02-16,0.33,0.33,0.33
2024-02-17,0.16952815444137,0.349789971772295,0.480681879016069
2024-02-18,0.12748911883682,0.268345691263676,0.604165181517601
2024-02-19,0.33,0.33,0.33
2024-02-20,0.0800625160336494,0.162987425923347,0.756950080394745
2024-02-21,0.33,0.33,0.33
2024-02-22,0.33,0.33,0.33
2024-02-23,0.121398638667805,0.425955715988364,0.452645628580025
2024-02-24,0.0624616108834744,0.624897407367826,0.312640940770507
2024-02-25,0.235918782651424,0.492973580956459,0.271107606589794
2024-02-26,0.167534469203515,0.242611299184236,0.589854230934923
2024-02-27,0.0360350795090199,0.122683733701706,0.841281175613403
2024-02-28,0.191815689206123,0.194339603185654,0.613844692707062
2024-02-29,0.113958812132478,0.347151033580303,0.538890153169632
2024-03-01,0.0502916257828474,0.112690724432468,0.83701765537262
2024-03-02,0.150447547435761,0.413993239402771,0.435559242963791
2024-03-03,0.137333698570728,0.201136253774166,0.661530017852783
2024-03-04,0.33,0.33,0.33
2024-03-05,0.33,0.33,0.33
2024-03-06,0.0786192417144775,0.305920779705048,0.615459978580475
2024-03-07,0.196786557968992,0.428568969552334,0.374644480072535
2024-03-08,0.234985575079918,0.509041339159012,0.255973055958748
2024-03-09,0.33,0.33,0.33
2024-03-10,0.33,0.33,0.33
2024-03-11,0.33,0.33,0.33
2024-03-12,0.224564090371132,0.499225735664368,0.276210099458694
2024-03-13,0.33,0.33,0.33
2024-03-14,0.257236445943515,0.386355102062225,0.356408481796583
2024-03-15,0.063557356595993,0.16540340334177,0.771039247512817
2024-03-16,0.357345283031464,0.245804667472839,0.396850079298019
2024-03-17,0.33,0.33,0.33
2024-03-18,0.33,0.33,0.33
2024-03-19,0.33,0.33,0.33
2024-03-20,0.33,0.33,0.33
2024-03-21,0.33,0.33,0.33
2024-03-22,0.33,0.33,0.33
2024-03-23,0.33,0.33,0.33
2024-03-24,0.076308086514473,0.75852769613266,0.165164172649384
2024-03-25,0.33,0.33,0.33
2024-03-26,0.33,0.33,0.33
2024-03-27,0.33,0.33,0.33
2024-03-28,0.33,0.33,0.33
2024-03-29,0.33,0.33,0.33
2024-03-30,0.33,0.33,0.33
2024-03-31,0.33,0.33,0.33
2024-04-01,0.371535784461432,0.288365313852275,0.3400989210716
2024-04-02,0.238485329101483,0.337984233101209,0.423530441025893
2024-04-03,0.138387638736855,0.403140459548343,0.45847187936306
2024-04-04,0.147420091296618,0.315708847057361,0.536871059009662
2024-04-05,0.139367263047741,0.315216392851793,0.545416360864273
2024-04-06,0.214551882153111,0.418549833553178,0.366898289748601
2024-04-07,0.146826145797968,0.293868461251259,0.559305399656296
2024-04-08,0.105454463511705,0.357237592339516,0.537307888269424
2024-04-09,0.33,0.33,0.33
2024-04-10,0.0112384539097548,0.0397840216755867,0.948977470397949
2024-04-11,0.33,0.33,0.33
2024-04-12,0.0317088402807713,0.442704971879721,0.525586158037186
2024-04-13,0.33,0.33,0.33
2024-04-14,0.33,0.33,0.33
2024-04-15,0.334277058020234,0.309516932504873,0.356206023056681
2024-04-16,0.223571521540483,0.274843310316404,0.501585190494855
2024-04-17,0.217253404605234,0.369919436148785,0.412827154942628
2024-04-18,0.236317074929292,0.44709171469395,0.316591205505224
2024-04-19,0.33,0.33,0.33
2024-04-20,0.33,0.33,0.33
2024-04-21,0.0793760265223682,0.371641032397747,0.54898292136689
2024-04-22,0.195720447848241,0.256321910147866,0.54795765131712
2024-04-23,0.0574466176331043,0.212117597460747,0.730435788631439
2024-04-24,0.33,0.33,0.33
2024-04-25,0.503531754016876,0.279081404209137,0.217386856675148
2024-04-26,0.246628235094249,0.229788588359952,0.523583143949509
2024-04-27,0.33,0.33,0.33
2024-04-28,0.33,0.33,0.33
2024-04-29,0.33,0.33,0.33
2024-04-30,0.33,0.33,0.33
2024-05-01,0.33,0.33,0.33
2024-05-02,0.155893824304695,0.364159929945513,0.479946250302924
2024-05-03,0.104289003349841,0.331745464652777,0.563965547084808
2024-05-04,0.235314019024372,0.426758015155792,0.337927988171577
2024-05-05,0.223530307412148,0.407143741846085,0.369325950741768
2024-05-06,0.512969613075256,0.254549741744995,0.232480615377426
2024-05-07,0.239707185162438,0.333547030886014,0.426745783951547
2024-05-08,0.267056405544281,0.491908609867096,0.241034999489784
2024-05-09,0.16551811248064,0.289411343634129,0.545070558786392
2024-05-10,0.0520236156880856,0.107489973306656,0.840486407279968
2024-05-11,0.0213863719254732,0.0471353363245726,0.931478261947632
2024-05-12,0.33,0.33,0.33
2024-05-13,0.33,0.33,0.33
2024-05-14,0.33,0.33,0.33
2024-05-15,0.0461095422506332,0.868018507957459,0.0858719795942307
2024-05-16,0.2527147422079,0.247186184860766,0.500099076889455
2024-05-17,0.117042063218024,0.361022248864174,0.521935701370239
2024-05-18,0.251768598798662,0.268922718241811,0.479308674111962
2024-05-19,0.159268169850111,0.289567026495934,0.551164787262678
2024-05-20,0.167158904252574,0.273565587587655,0.559275519102812
2024-05-21,0.0957858934998512,0.24664032459259,0.657573759555817
2024-05-22,0.441404432058334,0.39895361661911,0.159641966223717
2024-05-23,0.350347459316254,0.406859478354454,0.242793054878712
2024-05-24,0.166847838461399,0.413338196277618,0.419813977181912
2024-05-25,0.218350215815008,0.365788113325834,0.41586166061461
2024-05-26,0.248571634292603,0.357710209488869,0.393718162178993
2024-05-27,0.146580220510562,0.336617474754651,0.516802276174227
2024-05-28,0.190626930977617,0.301135694342,0.50823738532407
2024-05-29,0.128438547253609,0.402380019426346,0.469181478023529
2024-05-30,0.103468403220177,0.245401104912162,0.651130482554436
2024-05-31,0.108341301480929,0.417093257109324,0.474565426508586
2024-06-01,0.03641202673316,0.0927986577153206,0.870789349079132
2024-06-02,0.0940041802823544,0.665337175130844,0.240658633410931
2024-06-03,0.129137761890888,0.226909573500355,0.643952632943789
2024-06-04,0.274430304765701,0.388133555650711,0.337436139583588
2024-06-05,0.33,0.33,0.33
2024-06-06,0.33,0.33,0.33
2024-06-07,0.313987215360006,0.277481640378634,0.408531119426092
2024-06-08,0.171449214331401,0.383629786336552,0.444920998552571
2024-06-09,0.191815202922693,0.239794786221215,0.568390002208097
2024-06-10,0.0895718261599541,0.238045856356621,0.672382295131683
2024-06-11,0.405507142655551,0.220746569335461,0.373746275901794
2024-06-12,0.175026055425406,0.252710467204452,0.57226350158453
2024-06-13,0.33,0.33,0.33
2024-06-14,0.33,0.33,0.33
2024-06-15,0.1343132853508,0.246351237926218,0.619335471755929
2024-06-16,0.129442224279046,0.29756710678339,0.572990670800209
2024-06-17,0.750487565994263,0.179351598024368,0.0701608285307884
2024-06-18,0.33,0.33,0.33
2024-06-19,0.33,0.33,0.33
2024-06-20,0.503896415233612,0.365464389324188,0.130639150738716
2024-06-21,0.33,0.33,0.33
2024-06-22,0.33,0.33,0.33
2024-06-23,0.33,0.33,0.33
2024-06-24,0.0967137143015862,0.441898882389069,0.461387395858765
2024-06-25,0.33,0.33,0.33
2024-06-26,0.768072893986335,0.176038654377827,0.0558884447583785
2024-06-27,0.678098014083831,0.198960059003471,0.122941926708573
2024-06-28,0.33,0.33,0.33
2024-06-29,0.133964746724814,0.44873727299273,0.41729798167944
2024-06-30,0.157060384750366,0.254190303385258,0.588749289512634
2024-07-01,0.33,0.33,0.33
2024-07-02,0.11967433989048,0.433200031518936,0.447125643491745
2024-07-03,0.0545647703111172,0.220267221331596,0.725167989730835
2024-07-04,0.33,0.33,0.33
2024-07-05,0.33,0.33,0.33
2024-07-06,0.33,0.33,0.33
2024-07-07,0.189914047718048,0.432781279087067,0.377304643392563
2024-07-08,0.28494393825531,0.444402664899826,0.270653396844864
2024-07-09,0.206173178594327,0.282004344509915,0.511822477943497
2024-07-10,0.229536636499688,0.387430393137038,0.383032964542508
2024-07-11,0.33,0.33,0.33
2024-07-12,0.33,0.33,0.33
2024-07-13,0.33,0.33,0.33
2024-07-14,0.33,0.33,0.33
2024-07-15,0.341634452342987,0.487204670906067,0.171160876750946
2024-07-16,0.16318841278553,0.355965614318848,0.480846017599106
2024-07-17,0.738732397556305,0.149289399385452,0.111978232860565
2024-07-18,0.33,0.33,0.33
2024-07-19,0.33,0.33,0.33
2024-07-20,0.33,0.33,0.33
2024-07-21,0.33,0.33,0.33
2024-07-22,0.33,0.33,0.33
2024-07-23,0.33,0.33,0.33
2024-07-24,0.33,0.33,0.33
2024-07-25,0.33,0.33,0.33
2024-07-26,0.33,0.33,0.33
2024-07-27,0.33,0.33,0.33
2024-07-28,0.33,0.33,0.33
2024-07-29,0.33,0.33,0.33
2024-07-30,0.33,0.33,0.33
2024-07-31,0.176508443286786,0.322982241041385,0.500509309080931
2024-08-01,0.157843191032634,0.446101303029921,0.396055510747679
2024-08-02,0.34614535778957,0.300028148842485,0.353826486162449
2024-08-03,0.305589858974729,0.335193642548152,0.359216498477118
2024-08-04,0.141997456550598,0.345990131298701,0.512012422084808
2024-08-05,0.0242451392114162,0.050635538995266,0.925119280815125
2024-08-06,0.0844822458457202,0.46399177890271,0.451525961980224
2024-08-07,0.0315043143928051,0.220228657126427,0.7482670545578
2024-08-08,0.33,0.33,0.33
2024-08-09,0.126466499269009,0.301074230670929,0.572459261119366
2024-08-10,0.0405998453497887,0.0734646245837212,0.885935604572296
2024-08-11,0.33,0.33,0.33
2024-08-12,0.33,0.33,0.33
2024-08-13,0.33,0.33,0.33
2024-08-14,0.33,0.33,0.33
2024-08-15,0.33,0.33,0.33
2024-08-16,0.33,0.33,0.33
2024-08-17,0.33,0.33,0.33
2024-08-18,0.33,0.33,0.33
2024-08-19,0.33,0.33,0.33
2024-08-20,0.33,0.33,0.33
2024-08-21,0.33,0.33,0.33
2024-08-22,0.33,0.33,0.33
2024-08-23,0.33,0.33,0.33
2024-08-24,0.33,0.33,0.33
2024-08-25,0.33,0.33,0.33
2024-08-26,0.33,0.33,0.33
2024-08-27,0.269746147096157,0.458843514323235,0.27141036093235
2024-08-28,0.33,0.33,0.33
2024-08-29,0.33,0.33,0.33
2024-08-30,0.33,0.33,0.33
2024-08-31,0.33,0.33,0.33
2024-09-01,0.33,0.33,0.33
2024-09-02,0.33,0.33,0.33
2024-09-03,0.022012303583324,0.120462466031313,0.857525199651718
2024-09-04,0.33,0.33,0.33
2024-09-05,0.33,0.33,0.33
2024-09-06,0.32470041513443,0.39665299654007,0.278646647930145
2024-09-07,0.33,0.33,0.33
2024-09-08,0.33,0.33,0.33
2024-09-09,0.33,0.33,0.33
2024-09-10,0.33,0.33,0.33
2024-09-11,0.132593803107739,0.307865265889892,0.559540942843471
2024-09-12,0.13822731707866,0.348567012697458,0.513205673669775
2024-09-13,0.189301687113654,0.289710628012052,0.520987692862176
2024-09-14,0.128300614034136,0.333439535150925,0.538259872545799
2024-09-15,0.0933173245617322,0.264921947249344,0.641760704772813
2024-09-16,0.0972455833107233,0.429595144465566,0.47315926477313
2024-09-17,0.275345876812935,0.451857358217239,0.272796723991632
2024-09-18,0.140364043414593,0.542744770646095,0.31689116358757
2024-09-19,0.204840137130197,0.309677961118081,0.4854819088736
2024-09-20,0.217408139646674,0.247686010164519,0.534905847162008
2024-09-21,0.0984810013324022,0.472413778305054,0.429105192422867
2024-09-22,0.260045178234577,0.303648710250855,0.436306089162827
2024-09-23,0.33,0.33,0.33
2024-09-24,0.172213763117981,0.371180382390053,0.456605851268157
2024-09-25,0.21192162254682,0.421738418248984,0.366339970093507
2024-09-26,0.23076389481624,0.303711865097284,0.465524232773869
2024-09-27,0.134702573390678,0.297784404549748,0.567513015493751
2024-09-28,0.0277940472587943,0.164455659687519,0.807750314474106
2024-09-29,0.0681937709450722,0.492041140794754,0.439765056595206
2024-09-30,0.33,0.33,0.33
2024-10-01,0.33,0.33,0.33
2024-10-02,0.155305211121837,0.240105694366826,0.604589058293237
2024-10-03,0.153976229329904,0.369602578381697,0.476421197255452
2024-10-04,0.305149525403976,0.354282021522522,0.340568482875824
2024-10-05,0.33,0.33,0.33
2024-10-06,0.33,0.33,0.33
2024-10-07,0.138696110019317,0.386402016362319,0.474901860723129
2024-10-08,0.158381314948201,0.307487800717354,0.534130871295929
2024-10-09,0.0702906120568514,0.203187640756369,0.726521730422974
2024-10-10,0.165423661470413,0.250638798003395,0.583937545244892
2024-10-11,0.371824190150513,0.330157085300185,0.29801873074368
2024-10-12,0.428783555825551,0.342595829938849,0.228620614856482
2024-10-13,0.354566859081388,0.195732320348422,0.449700842301051
2024-10-14,0.186116011960334,0.342729375158486,0.471154601558259
2024-10-15,0.163267467170954,0.51583968102932,0.320892810821533
2024-10-16,0.33,0.33,0.33
2024-10-17,0.307552394922823,0.315928457304835,0.376519147306681
2024-10-18,0.155005520706375,0.450164244075616,0.394830234100421
2024-10-19,0.226776910651671,0.31146445262589,0.461758630840402
2024-10-20,0.205657990649343,0.403726415336132,0.390615583956242
2024-10-21,0.0890907473862171,0.290598322451115,0.6203109562397
2024-10-22,0.179783169552684,0.294875881075859,0.525340986251831
2024-10-23,0.259585741907358,0.439755812287331,0.30065843462944
2024-10-24,0.14564497070387,0.167170790024102,0.687184233218432
2024-10-25,0.33,0.33,0.33
2024-10-26,0.33,0.33,0.33
2024-10-27,0.0767387077212334,0.853528141975403,0.0697331503033638
2024-10-28,0.33,0.33,0.33
2024-10-29,0.33,0.33,0.33
2024-10-30,0.33,0.33,0.33
2024-10-31,0.33,0.33,0.33
2024-11-01,0.33,0.33,0.33
2024-11-02,0.33,0.33,0.33
2024-11-03,0.33,0.33,0.33
2024-11-04,0.33,0.33,0.33
2024-11-05,0.33,0.33,0.33
2024-11-06,0.33,0.33,0.33
2024-11-07,0.228687785565853,0.319828927516937,0.45148329436779
2024-11-08,0.33,0.33,0.33
2024-11-09,0.271694160997868,0.423137247562408,0.305168569087982
2024-11-10,0.168148696422577,0.189092263579369,0.642759025096893
2024-11-11,0.0443523786962032,0.182488352060318,0.773159265518189
2024-11-12,0.33,0.33,0.33
2024-11-13,0.33,0.33,0.33
2024-11-14,0.33,0.33,0.33
2024-11-15,0.33,0.33,0.33
2024-11-16,0.33,0.33,0.33
2024-11-17,0.33,0.33,0.33
2024-11-18,0.33,0.33,0.33
2024-11-19,0.523500502109528,0.239870816469193,0.236628636717796
2024-11-20,0.33,0.33,0.33
2024-11-21,0.33,0.33,0.33
2024-11-22,0.33,0.33,0.33
2024-11-23,0.243715312797576,0.346331736072898,0.409952964819968
2024-11-24,0.191020250320435,0.627889811992645,0.18108993768692
2024-11-25,0.33,0.33,0.33
2024-11-26,0.33,0.33,0.33
2024-11-27,0.195174418499365,0.317457749508321,0.487367830184453
2024-11-28,0.0960483169183135,0.339406525095304,0.564545144637426
2024-11-29,0.0998129183426499,0.262826879741624,0.63736024685204
2024-11-30,0.397227644920349,0.344684183597565,0.258088201284409
2024-12-01,0.11808905415237,0.230858546495438,0.651052403450012
2024-12-02,0.12068867004093,0.227815331124208,0.651495998396593
2024-12-03,0.168406357037146,0.236990434644015,0.594603203075088
2024-12-04,0.147376145404719,0.370382847601459,0.482241003037918
2024-12-05,0.182135365269286,0.341893572677323,0.475971062608222
2024-12-06,0.140015222132206,0.500438839197159,0.35954594053328
2024-12-07,0.176720475777984,0.495917111635208,0.327362410724163
2024-12-08,0.33,0.33,0.33
2024-12-09,0.157226093367419,0.383691345087507,0.459082571958954
2024-12-10,0.128677953965962,0.228253193966606,0.643068851355244
2024-12-11,0.162704429278771,0.478236938516299,0.35905862847964
2024-12-12,0.152427696933349,0.363936190803846,0.483636101086934
2024-12-13,0.156098857522011,0.288562466318791,0.555338678451685
2024-12-14,0.154844682663679,0.405470261971156,0.43968503177166
2024-12-15,0.33,0.33,0.33
2024-12-16,0.16000366647495,0.298694035154767,0.541302295401692
2024-12-17,0.634792163968086,0.177065503711884,0.188142307245961
2024-12-18,0.0661922758445144,0.106315523386002,0.827492237091065
2024-12-19,0.0664613991975784,0.502516150474548,0.431022465229034
2024-12-20,0.33,0.33,0.33
2024-12-21,0.33,0.33,0.33
2024-12-22,0.33,0.33,0.33
2024-12-23,0.33,0.33,0.33
2024-12-24,0.241419538855553,0.380064576864243,0.378515928983688
2024-12-25,0.33,0.33,0.33
2024-12-26,0.132117644418031,0.360504219308496,0.507378123700619
2024-12-27,0.222127800186475,0.361642591655254,0.416229593257109
2024-12-28,0.0525645390152931,0.494711428880692,0.452723979949951
2024-12-29,0.33,0.33,0.33
2024-12-30,0.22013746201992,0.443104416131973,0.336758136749268
2024-12-31,0.33,0.33,0.33
2025-01-01,0.33,0.33,0.33
2025-01-02,0.112933970987797,0.20390896499157,0.68315714597702
2025-01-03,0.33,0.33,0.33
2025-01-04,0.33,0.33,0.33
2025-01-05,0.33,0.33,0.33
2025-01-06,0.191136484475512,0.321401702730279,0.487461812304039
2025-01-07,0.108905666241688,0.276374237345798,0.614720084837505
2025-01-08,0.134568333625793,0.283933967351913,0.581497669219971
2025-01-09,0.33,0.33,0.33
2025-01-10,0.33,0.33,0.33
2025-01-11,0.0259180553257465,0.192868590354919,0.781213343143463
2025-01-12,0.33,0.33,0.33
2025-01-13,0.100776433944702,0.190216422080994,0.709007143974304
2025-01-14,0.33,0.33,0.33
2025-01-15,0.33,0.33,0.33
2025-01-16,0.33,0.33,0.33
2025-01-17,0.102862779450204,0.221293426429232,0.675843805074692
2025-01-18,0.197229418903589,0.23456811234355,0.56820245757699
2025-01-19,0.0978059271971385,0.327674299478531,0.574519793192546
2025-01-20,0.33,0.33,0.33
2025-01-21,0.115772456396371,0.368988244794309,0.515239331871271
2025-01-22,0.0284645594656467,0.0746035352349281,0.896931946277618
2025-01-23,0.33,0.33,0.33
2025-01-24,0.33,0.33,0.33
2025-01-25,0.13970111310482,0.340414553880692,0.519884347915649
2025-01-26,0.33,0.33,0.33
2025-01-27,0.33,0.33,0.33
2025-01-28,0.226870059967041,0.329770296812058,0.443359673023224
2025-01-29,0.33,0.33,0.33
2025-01-30,0.33,0.33,0.33
2025-01-31,0.09020034968853,0.183773815631866,0.726025819778442
2025-02-01,0.33,0.33,0.33
2025-02-02,0.33,0.33,0.33
2025-02-03,0.0944531099421197,0.29515824749552,0.610388650976378
2025-02-04,0.153420116895666,0.297254169789644,0.549325723487597
2025-02-05,0.0502013713121414,0.23583035171032,0.713968217372894
2025-02-06,0.33,0.33,0.33
2025-02-07,0.0298032779246569,0.425699144601822,0.544497549533844
2025-02-08,0.33,0.33,0.33
2025-02-09,0.33,0.33,0.33
2025-02-10,0.33,0.33,0.33
2025-02-11,0.33,0.33,0.33
2025-02-12,0.315972518408671,0.116901449859142,0.56712604733184
2025-02-13,0.163888167382942,0.352490261611011,0.483621574110455
2025-02-14,0.520655067980682,0.139060489049083,0.340284449293425
2025-02-15,0.272360891103745,0.317402958869934,0.410236120223999
2025-02-16,0.151654824614525,0.319098293781281,0.529246866703033
2025-02-17,0.33,0.33,0.33
2025-02-18,0.0924552408978343,0.213275988586247,0.694268774241209
2025-02-19,0.209419429302216,0.499680429697037,0.290900111198425
2025-02-20,0.33,0.33,0.33
2025-02-21,0.33,0.33,0.33
2025-02-22,0.33,0.33,0.33
2025-02-23,0.33,0.33,0.33
2025-02-24,0.33,0.33,0.33
2025-02-25,0.33,0.33,0.33
2025-02-26,0.33,0.33,0.33
2025-02-27,0.33,0.33,0.33
2025-02-28,0.33,0.33,0.33
2025-03-01,0.72255153208971,0.173985068521955,0.103463403113625
2025-03-02,0.133033047243953,0.255053549011548,0.611913425227006
2025-03-03,0.182599677890539,0.33545084297657,0.4819494754076
2025-03-04,0.33,0.33,0.33
2025-03-05,0.165246581563201,0.336545138309399,0.498208284282532
2025-03-06,0.397661427035928,0.118413455784321,0.483925122767687
2025-03-07,0.0312473718076944,0.0491331741213799,0.919619500637054
2025-03-08,0.130613637467225,0.42268797258536,0.44669840650426
2025-03-09,0.192405253648758,0.253816306591034,0.553778469562531
2025-03-10,0.116050207366546,0.237036198377609,0.646913588047028
2025-03-11,0.136000289064315,0.286683089203305,0.577316615316603
2025-03-12,0.198673809412867,0.325839413329959,0.475486760027707
2025-03-13,0.33,0.33,0.33
2025-03-14,0.131483025848866,0.654641658067703,0.213875338435173
2025-03-15,0.183783609420061,0.520034901797772,0.296181458979845
2025-03-16,0.33,0.33,0.33
2025-03-17,0.260957294143736,0.296245471574366,0.442797230556607
2025-03-18,0.33,0.33,0.33
2025-03-19,0.33,0.33,0.33
2025-03-20,0.33,0.33,0.33
2025-03-21,0.33,0.33,0.33
2025-03-22,0.33,0.33,0.33
2025-03-23,0.33,0.33,0.33
2025-03-24,0.33,0.33,0.33
2025-03-25,0.33,0.33,0.33
2025-03-26,0.33,0.33,0.33
2025-03-27,0.33,0.33,0.33
2025-03-28,0.33,0.33,0.33
2025-03-29,0.0515300631523132,0.766478836536408,0.181991100311279
2025-03-30,0.33,0.33,0.33
2025-03-31,0.167604202029948,0.311917993143715,0.520477803873605
2025-04-01,0.34155560657382,0.206575301786264,0.451869145035744
2025-04-02,0.228206044683854,0.272026505321264,0.499767462412516
2025-04-03,0.483934822990451,0.329198601547369,0.186866573209679
2025-04-04,0.33,0.33,0.33
2025-04-05,0.33,0.33,0.33
2025-04-06,0.33,0.33,0.33
2025-04-07,0.33,0.33,0.33
2025-04-08,0.33,0.33,0.33
2025-04-09,0.33,0.33,0.33
2025-04-10,0.33,0.33,0.33
2025-04-11,0.33,0.33,0.33
2025-04-12,0.33,0.33,0.33
2025-04-13,0.33,0.33,0.33
2025-04-14,0.33,0.33,0.33
2025-04-15,0.750440174341202,0.153994390368462,0.0955654554069042
2025-04-16,0.33,0.33,0.33
2025-04-17,0.33,0.33,0.33
2025-04-18,0.33,0.33,0.33
2025-04-19,0.33,0.33,0.33
2025-04-20,0.33,0.33,0.33
2025-04-21,0.440415501594543,0.221847027540207,0.337737441062927
2025-04-22,0.39470374584198,0.368580847978592,0.236715421080589
2025-04-23,0.144306703676692,0.247182773145954,0.608510523638894
2025-04-24,0.132068640841492,0.258829031524987,0.609102323394397
2025-04-25,0.174305580720744,0.252616705756415,0.573077714728082
2025-04-26,0.182939176228555,0.286996628212578,0.530064194079708
2025-04-27,0.184547198936343,0.200116280466318,0.615336522459984
2025-04-28,0.138869848102331,0.200308271994193,0.660821845134099
2025-04-29,0.201706243989368,0.232385955130061,0.565907816092173
2025-04-30,0.0455821566283703,0.704948127269745,0.249469712376595
2025-05-01,0.215689867515774,0.347344437942785,0.436965692569228
2025-05-02,0.114330731332302,0.198688745498657,0.686980545520783
2025-05-03,0.33,0.33,0.33
2025-05-04,0.33,0.33,0.33
2025-05-05,0.33,0.33,0.33
2025-05-06,0.33,0.33,0.33
2025-05-07,0.183961279282812,0.264126753318124,0.551911985967308
2025-05-08,0.139797061814794,0.255678915019546,0.604524035538946
2025-05-09,0.0878130048513413,0.164606899023056,0.747580170631409
2025-05-10,0.163665890072783,0.262380662684639,0.573953446000814
2025-05-11,0.253706699769412,0.174802228808403,0.571491061709821
2025-05-12,0.236159606733256,0.19807092886832,0.56576946667499
2025-05-13,0.344120612988869,0.0961586969594161,0.559720719854037
2025-05-14,0.105506770312786,0.200804270803928,0.693688958883286
2025-05-15,0.181726599112153,0.576589904725552,0.241683529689908
2025-05-16,0.103336751461029,0.318837463855743,0.577825844287872
2025-05-17,0.203267559409142,0.435651570558548,0.361080855131149
2025-05-18,0.33,0.33,0.33
2025-05-19,0.33,0.33,0.33
2025-05-20,0.33,0.33,0.33
2025-05-21,0.33,0.33,0.33
2025-05-22,0.33,0.33,0.33
2025-05-23,0.33,0.33,0.33
2025-05-24,0.33,0.33,0.33
2025-05-25,0.33,0.33,0.33
2025-05-26,0.33,0.33,0.33
2025-05-27,0.33,0.33,0.33
2025-05-28,0.33,0.33,0.33
2025-05-29,0.33,0.33,0.33
2025-05-30,0.33,0.33,0.33
2025-05-31,0.33,0.33,0.33
2025-06-01,0.33,0.33,0.33
2025-06-02,0.33,0.33,0.33
2025-06-03,0.33,0.33,0.33
2025-06-04,0.33,0.33,0.33
2025-06-05,0.33,0.33,0.33
2025-06-06,0.33,0.33,0.33
2025-06-07,0.33,0.33,0.33
2025-06-08,0.33,0.33,0.33
2025-06-09,0.33,0.33,0.33
2025-06-10,0.33,0.33,0.33
2025-06-11,0.33,0.33,0.33
2025-06-12,0.33,0.33,0.33
2025-06-13,0.33,0.33,0.33
2025-06-14,0.33,0.33,0.33
2025-06-15,0.33,0.33,0.33
2025-06-16,0.33,0.33,0.33
2025-06-17,0.174099027207403,0.233716281751792,0.592184695104758
2025-06-18,0.168574292336901,0.296845981727044,0.534579717554152
2025-06-19,0.670011813234952,0.161466036405828,0.16852214663393
2025-06-20,0.774259261213816,0.131840378332597,0.0939003603819471
2025-06-21,0.81779886375774,0.126682597466491,0.0555185259065845
2025-06-22,0.746802334487438,0.158441303670406,0.0947563647292554
2025-06-23,0.566965791707238,0.20707229938772,0.225961927841935
2025-06-24,0.45996272067229,0.237846187188053,0.302191088806984
2025-06-25,0.561868645250797,0.234800312668085,0.203331038355827
2025-06-26,0.33,0.33,0.33
2025-06-27,0.33,0.33,0.33
2025-06-28,0.33,0.33,0.33
2025-06-29,0.33,0.33,0.33
2025-06-30,0.33,0.33,0.33
2025-07-01,0.159765570025359,0.313167018549783,0.527067431381771
2025-07-02,0.0707392767071724,0.85643607378006,0.0728246942162514
2025-07-03,0.0300974957644939,0.396318435668945,0.573584079742432
2025-07-04,0.33,0.33,0.33
2025-07-05,0.33,0.33,0.33
2025-07-06,0.33,0.33,0.33
2025-07-07,0.14355372681859,0.293685693559902,0.562760590265195
2025-07-08,0.0770664803683758,0.319753853976727,0.603179681301117
2025-07-09,0.22120812535286,0.223494060337544,0.555297806859016
2025-07-10,0.288931369781494,0.368852019309998,0.342216640710831
2025-07-11,0.33,0.33,0.33
2025-07-12,0.33,0.33,0.33
2025-07-13,0.33,0.33,0.33
2025-07-14,0.33,0.33,0.33
2025-07-15,0.33,0.33,0.33
2025-07-16,0.33,0.33,0.33
2025-07-17,0.33,0.33,0.33
2025-07-18,0.33,0.33,0.33
2025-07-19,0.33,0.33,0.33
2025-07-20,0.33,0.33,0.33
2025-07-21,0.33,0.33,0.33
2025-07-22,0.49191721700705,0.317492814018176,0.190589976998476
2025-07-23,0.33,0.33,0.33
2025-07-24,0.33,0.33,0.33
2025-07-25,0.33,0.33,0.33
2025-07-26,0.33,0.33,0.33
2025-07-27,0.33,0.33,0.33
2025-07-28,0.0705764628946781,0.519340470433235,0.4100830424577
2025-07-29,0.199231743812561,0.242415755987167,0.558352470397949
2025-07-30,0.33,0.33,0.33
2025-07-31,0.851829648017883,0.111520893871784,0.0366494208574295
2025-08-01,0.33,0.33,0.33
2025-08-02,0.33,0.33,0.33
2025-08-03,0.33,0.33,0.33
2025-08-04,0.33,0.33,0.33
2025-08-05,0.33,0.33,0.33
2025-08-06,0.33,0.33,0.33
2025-08-07,0.253451915163743,0.364865906144443,0.381682186926666
2025-08-08,0.284016631543636,0.341094091534615,0.374889299273491
2025-08-09,0.33,0.33,0.33
2025-08-10,0.33,0.33,0.33
2025-08-11,0.257067710161209,0.311016201972961,0.431916058063507
2025-08-12,0.33,0.33,0.33
2025-08-13,0.0878737643361092,0.381928682327271,0.530197560787201
2025-08-14,0.33,0.33,0.33
2025-08-15,0.33,0.33,0.33
2025-08-16,0.33,0.33,0.33
2025-08-17,0.33,0.33,0.33
2025-08-18,0.33,0.33,0.33
2025-08-19,0.33,0.33,0.33
2025-08-20,0.33,0.33,0.33
2025-08-21,0.33,0.33,0.33
2025-08-22,0.33,0.33,0.33
2025-08-23,0.33,0.33,0.33
2025-08-24,0.33,0.33,0.33
2025-08-25,0.33,0.33,0.33
2025-08-26,0.33,0.33,0.33
2025-08-27,0.33,0.33,0.33
2025-08-28,0.33,0.33,0.33
2025-08-29,0.33,0.33,0.33
2025-08-30,0.33,0.33,0.33
2025-08-31,0.33,0.33,0.33
2025-09-01,0.33,0.33,0.33
2025-09-02,0.33,0.33,0.33
2025-09-03,0.33,0.33,0.33
2025-09-04,0.33,0.33,0.33
2025-09-05,0.33,0.33,0.33
2025-09-06,0.33,0.33,0.33
2025-09-07,0.33,0.33,0.33
2025-09-08,0.33,0.33,0.33
2025-09-09,0.33,0.33,0.33
2025-09-10,0.33,0.33,0.33
2025-09-11,0.33,0.33,0.33
2025-09-12,0.33,0.33,0.33
2025-09-13,0.33,0.33,0.33
2025-09-14,0.33,0.33,0.33
2025-09-15,0.33,0.33,0.33
2025-09-16,0.33,0.33,0.33
2025-09-17,0.33,0.33,0.33
2025-09-18,0.33,0.33,0.33
2025-09-19,0.33,0.33,0.33
2025-09-20,0.33,0.33,0.33
2025-09-21,0.33,0.33,0.33
2025-09-22,0.33,0.33,0.33
2025-09-23,0.33,0.33,0.33
2025-09-24,0.33,0.33,0.33
2025-09-25,0.33,0.33,0.33
2025-09-26,0.33,0.33,0.33
2025-09-27,0.164715647697449,0.524459719657898,0.310824692249298
2025-09-28,0.33,0.33,0.33
2025-09-29,0.33,0.33,0.33
2025-09-30,0.33,0.33,0.33
2025-10-01,0.33,0.33,0.33
2025-10-02,0.33,0.33,0.33
2025-10-03,0.33,0.33,0.33
2025-10-04,0.33,0.33,0.33
2025-10-05,0.33,0.33,0.33
2025-10-06,0.33,0.33,0.33
2025-10-07,0.33,0.33,0.33
2025-10-08,0.33,0.33,0.33
2025-10-09,0.33,0.33,0.33
2025-10-10,0.33,0.33,0.33
2025-10-11,0.33,0.33,0.33
2025-10-12,0.33,0.33,0.33
2025-10-13,0.0459300726652145,0.204032868146896,0.75003707408905
2025-10-14,0.33,0.33,0.33
2025-10-15,0.33,0.33,0.33
2025-10-16,0.33,0.33,0.33
2025-10-17,0.33,0.33,0.33
2025-10-18,0.33,0.33,0.33
2025-10-19,0.33,0.33,0.33
2025-10-20,0.33,0.33,0.33
2025-10-21,0.33,0.33,0.33
2025-10-22,0.33,0.33,0.33
2025-10-23,0.33,0.33,0.33
2025-10-24,0.33,0.33,0.33
2025-10-25,0.0744166485965252,0.288177075795829,0.637406297028065
2025-10-26,0.0819216892123222,0.135981127619743,0.782097280025482
2025-10-27,0.33,0.33,0.33
2025-10-28,0.33,0.33,0.33
2025-10-29,0.33,0.33,0.33
2025-10-30,0.33,0.33,0.33
2025-10-31,0.33,0.33,0.33
2025-11-01,0.33,0.33,0.33
2025-11-02,0.33,0.33,0.33
2025-11-03,0.33,0.33,0.33
2025-11-04,0.33,0.33,0.33
2025-11-05,0.0827026832848787,0.214429542836216,0.702867746353149
2025-11-06,0.164812167840345,0.424124936972346,0.411062917539052
2025-11-07,0.0533922053873539,0.251764446496964,0.694843351840973
2025-11-08,0.33,0.33,0.33
2025-11-09,0.33,0.33,0.33
2025-11-10,0.33,0.33,0.33
2025-11-11,0.33,0.33,0.33
2025-11-12,0.33,0.33,0.33
2025-11-13,0.33,0.33,0.33
2025-11-14,0.33,0.33,0.33
2025-11-15,0.33,0.33,0.33
2025-11-16,0.0249798782169819,0.066777877509594,0.908242344856262
2025-11-17,0.33,0.33,0.33
2025-11-18,0.33,0.33,0.33
2025-11-19,0.33,0.33,0.33
2025-11-20,0.33,0.33,0.33
2025-11-21,0.33,0.33,0.33
2025-11-22,0.33,0.33,0.33
2025-11-23,0.33,0.33,0.33
2025-11-24,0.33,0.33,0.33
2025-11-25,0.33,0.33,0.33
2025-11-26,0.33,0.33,0.33
2025-11-27,0.33,0.33,0.33
2025-11-28,0.33,0.33,0.33
2025-11-29,0.33,0.33,0.33
2025-11-30,0.33,0.33,0.33
2025-12-01,0.33,0.33,0.33
2025-12-02,0.33,0.33,0.33
2025-12-03,0.33,0.33,0.33
2025-12-04,0.33,0.33,0.33
2025-12-05,0.33,0.33,0.33
2025-12-06,0.33,0.33,0.33
2025-12-07,0.33,0.33,0.33
2025-12-08,0.33,0.33,0.33
2025-12-09,0.33,0.33,0.33
2025-12-10,0.33,0.33,0.33
2025-12-11,0.33,0.33,0.33
2025-12-12,0.33,0.33,0.33
2025-12-13,0.33,0.33,0.33
2025-12-14,0.33,0.33,0.33
2025-12-15,0.221904153004289,0.204013090166781,0.574082769453526
2025-12-16,0.195742099545896,0.435276286676526,0.368981612846255
2025-12-17,0.162517906787495,0.295060665036241,0.542421416069071
2025-12-18,0.169047944795559,0.370926926241202,0.460025140467812
2025-12-19,0.156184817353884,0.170962045590083,0.672853171825409
2025-12-20,0.0694281121715903,0.433148649334908,0.497423255443573
2025-12-21,0.0269211698323488,0.534085512161255,0.43899330496788
2025-12-22,0.133359041685859,0.268362323443095,0.59827862183253
2025-12-23,0.285352796316147,0.437385410070419,0.277261823415756
2025-12-24,0.33,0.33,0.33
2025-12-25,0.33,0.33,0.33
2025-12-26,0.33,0.33,0.33
2025-12-27,0.33,0.33,0.33
2025-12-28,0.33,0.33,0.33
2025-12-29,0.33,0.33,0.33
2025-12-30,0.33,0.33,0.33
2025-12-31,0.33,0.33,0.33
2026-01-01,0.33,0.33,0.33
2026-01-02,0.33,0.33,0.33
2026-01-03,0.33,0.33,0.33
2026-01-04,0.33,0.33,0.33
2026-01-05,0.33,0.33,0.33
2026-01-06,0.33,0.33,0.33
2026-01-07,0.33,0.33,0.33
2026-01-08,0.542539296775229,0.313552959304717,0.143907738073419
2026-01-09,0.312273676906313,0.397243101681982,0.290483220347336
2026-01-10,0.33,0.33,0.33
2026-01-11,0.0832638038943211,0.212490851680438,0.704245343804359
2026-01-12,0.093129126355052,0.322457507252693,0.584413304924965
2026-01-13,0.33,0.33,0.33
2026-01-14,0.0195849817246199,0.0779549926519394,0.902459979057312
2026-01-15,0.0590091701596975,0.487834249933561,0.453156580527624
2026-01-16,0.33,0.33,0.33
2026-01-17,0.33,0.33,0.33
2026-01-18,0.33,0.33,0.33
2026-01-19,0.33,0.33,0.33
2026-01-20,0.33,0.33,0.33
2026-01-21,0.33,0.33,0.33
2026-01-22,0.33,0.33,0.33
2026-01-23,0.33,0.33,0.33
2026-01-24,0.33,0.33,0.33
2026-01-25,0.33,0.33,0.33
2026-01-26,0.33,0.33,0.33
2026-01-27,0.33,0.33,0.33
2026-01-28,0.33,0.33,0.33
2026-01-29,0.33,0.33,0.33
2026-01-30,0.33,0.33,0.33
2026-01-31,0.33,0.33,0.33
2026-02-01,0.33,0.33,0.33
2026-02-02,0.33,0.33,0.33
2026-02-03,0.33,0.33,0.33
2026-02-04,0.33,0.33,0.33
2026-02-05,0.33,0.33,0.33
2026-02-06,0.33,0.33,0.33
2026-02-07,0.171985638638337,0.35404671728611,0.473967666427294
2026-02-08,0.33,0.33,0.33
2026-02-09,0.133584106341004,0.439846888184547,0.426568996161222
2026-02-10,0.33,0.33,0.33
2026-02-11,0.33,0.33,0.33
2026-02-12,0.33,0.33,0.33
2026-02-13,0.33,0.33,0.33
2026-02-14,0.33,0.33,0.33
2026-02-15,0.33,0.33,0.33
2026-02-16,0.187456809543073,0.337525194510818,0.475017984211445
2026-02-17,0.232658991590142,0.406472094357014,0.360868909396231
2026-02-18,0.117943070587461,0.264780426535893,0.617276484215701
2026-02-19,0.272172070108354,0.20728830806911,0.52053963392973
2026-02-20,0.0284317564219236,0.142843292094767,0.828724950551987
2026-02-21,0.122074690647423,0.278383038938046,0.599542267620564
2026-02-22,0.0772954747080803,0.265439987182617,0.657264530658722
2026-02-23,0.33,0.33,0.33
2026-02-24,0.33,0.33,0.33
2026-02-25,0.33,0.33,0.33
2026-02-26,0.33,0.33,0.33
2026-02-27,0.33,0.33,0.33
2026-02-28,0.33,0.33,0.33
2026-03-01,0.33,0.33,0.33
2026-03-02,0.0199987478554249,0.0909726321697235,0.889028668403626
2026-03-03,0.2287957072258,0.270912552873294,0.500291739900907
2026-03-04,0.214467740058899,0.318326193094254,0.467206078767777
2026-03-05,0.0539324463655551,0.213190669814746,0.73287687699
2026-03-06,0.33,0.33,0.33
2026-03-07,0.33,0.33,0.33
2026-03-08,0.33,0.33,0.33
2026-03-09,0.33,0.33,0.33
2026-03-10,0.33,0.33,0.33
2026-03-11,0.127866142518109,0.266473039186427,0.605660819581577
2026-03-12,0.0436110906302929,0.763423264026642,0.192965641617775
2026-03-13,0.33,0.33,0.33
2026-03-14,0.33,0.33,0.33
2026-03-15,0.33,0.33,0.33
2026-03-16,0.230284934065172,0.315535756094115,0.454179302922317
2026-03-17,0.118485895544291,0.273465597629547,0.608048528432846
2026-03-18,0.228750718402721,0.326431326213337,0.444817938974925
2026-03-19,0.211728326510638,0.370536861009896,0.417734855785966
2026-03-20,0.0676287946601709,0.228237686057886,0.704133530457815
2026-03-21,0.22207891202021,0.297699530518824,0.480221558602587
2026-03-22,0.095585658299652,0.295621278611097,0.608793066983873
2026-03-23,0.298706938512623,0.490169294178486,0.211123755900189
2026-03-24,0.370314144839843,0.3650057092309,0.264680109918118
2026-03-25,0.243411172713552,0.226491048932076,0.53009780389922
2026-03-26,0.156306067390032,0.413773271575814,0.429920654255347
2026-03-27,0.152104064822197,0.544763993133198,0.303131972524253
2026-03-28,0.139430290172723,0.312382532791658,0.548187204382636
2026-03-29,0.17769380776389,0.335062481551653,0.487243701437754
2026-03-30,0.179264334989164,0.342919150257812,0.477816509192481
2026-03-31,0.119768761699238,0.253821026353586,0.626410204616766
2026-04-01,0.206219446450246,0.302548243805315,0.491232306386034
2026-04-02,0.0919167237977187,0.609829326470693,0.298253965874513
2026-04-03,0.219904377125204,0.289547629654408,0.490547999739647
2026-04-04,0.291233576834202,0.596324861049652,0.112441550940275
2026-04-05,0.163409665226936,0.133296519517899,0.703293740749359
2026-04-06,0.33,0.33,0.33
2026-04-07,0.168353662286934,0.30282141954491,0.528824917579952
2026-04-08,0.0924043480772525,0.271083153784275,0.636512488126755
2026-04-09,0.357787794061005,0.218436055630446,0.423776131868362
2026-04-10,0.18849082538662,0.409876297277055,0.401632885448635
2026-04-11,0.13947069272399,0.283645525574684,0.576883777976036
2026-04-12,0.0438912808895111,0.310391664505005,0.645717084407806
2026-04-13,0.249689042568207,0.392397314310074,0.357913643121719
2026-04-14,0.33,0.33,0.33
2026-04-15,0.33,0.33,0.33
2026-04-16,0.22777611464262,0.388060361146927,0.384163525700569
2026-04-17,0.238526801246085,0.510310951886433,0.251162255182862
2026-04-18,0.166294330032542,0.512958984822035,0.320746688172221
2026-04-19,0.0603761192677276,0.191194682249001,0.748429183449064
2026-04-20,0.0637424550950527,0.292653810232878,0.643603749573231
2026-04-21,0.217582360608503,0.239962123334408,0.542455513030291
2026-04-22,0.186780497431755,0.659547448158264,0.15367203950882
2026-04-23,0.380473233759403,0.354930698871613,0.264596037566662
2026-04-24,0.33,0.33,0.33
2026-04-25,0.33,0.33,0.33
2026-04-26,0.33,0.33,0.33
2026-04-27,0.33,0.33,0.33
2026-04-28,0.33,0.33,0.33
2026-04-29,0.1764426886834,0.350422514602542,0.473134799382171
2026-04-30,0.143443365972912,0.301567846697501,0.554988784884865
