Date,Well-Milled Low,Well-Milled High,Well-Milled Avg
2020-01-01,32.0,44.0,38.0
2020-01-02,32.0,44.0,38.0
2020-01-03,32.0,49.0,40.5
2020-01-04,32.0,44.0,38.0
2020-01-05,32.0,44.0,38.0
2020-01-06,32.0,44.0,38.0
2020-01-07,32.0,44.0,38.0
2020-01-08,32.0,44.0,38.0
2020-01-09,32.0,44.0,38.0
2020-01-10,32.0,44.0,38.0
2020-01-11,32.0,44.0,38.0
2020-01-12,32.0,44.0,38.0
2020-01-13,32.0,44.0,38.0
2020-01-14,32.0,44.0,38.0
2020-01-15,32.0,44.0,38.0
2020-01-16,32.0,44.0,38.0
2020-01-17,32.0,44.0,38.0
2020-01-18,32.0,44.0,38.0
2020-01-19,32.0,44.0,38.0
2020-01-20,32.0,44.0,38.0
2020-01-21,32.0,44.0,38.0
2020-01-22,32.0,44.0,38.0
2020-01-23,32.0,44.0,38.0
2020-01-24,32.0,44.0,38.0
2020-01-25,32.0,46.0,39.0
2020-01-26,32.0,46.0,39.0
2020-01-27,32.0,46.0,39.0
2020-01-28,32.0,46.0,39.0
2020-01-29,30.0,46.0,38.0
2020-01-30,32.0,46.0,39.0
2020-01-31,30.0,46.0,38.0
2020-02-01,32.0,46.0,39.0
2020-02-02,32.0,46.0,39.0
2020-02-03,32.0,46.0,39.0
2020-02-04,32.0,46.0,39.0
2020-02-05,32.0,46.0,39.0
2020-02-06,32.0,46.0,39.0
2020-02-07,32.0,46.0,39.0
2020-02-08,34.0,44.0,39.0
2020-02-09,33.0,44.0,38.5
2020-02-10,32.0,44.0,38.0
2020-02-11,32.0,46.0,39.0
2020-02-12,32.0,46.0,39.0
2020-02-13,32.0,46.0,39.0
2020-02-14,32.0,44.0,38.0
2020-02-15,32.0,45.0,38.5
2020-02-16,32.0,45.5,38.75
2020-02-17,32.0,46.0,39.0
2020-02-18,32.0,46.0,39.0
2020-02-19,32.0,46.0,39.0
2020-02-20,32.0,46.0,39.0
2020-02-21,32.0,46.0,39.0
2020-02-22,32.0,44.0,38.0
2020-02-23,32.0,45.0,38.5
2020-02-24,32.0,46.0,39.0
2020-02-25,32.0,46.0,39.0
2020-02-26,32.0,46.0,39.0
2020-02-27,32.0,46.0,39.0
2020-02-28,32.0,46.0,39.0
2020-02-29,32.0,46.0,39.0
2020-03-01,32.0,46.0,39.0
2020-03-02,32.0,46.0,39.0
2020-03-03,32.0,46.0,39.0
2020-03-04,32.0,46.0,39.0
2020-03-05,32.0,46.0,39.0
2020-03-06,32.0,46.0,39.0
2020-03-07,32.0,49.0,40.5
2020-03-08,32.0,49.0,40.5
2020-03-09,32.0,49.0,40.5
2020-03-10,32.0,44.0,38.0
2020-03-11,32.0,44.0,38.0
2020-03-12,32.0,44.0,38.0
2020-03-13,32.0,44.0,38.0
2020-03-14,32.0,44.0,38.0
2020-03-15,32.0,44.0,38.0
2020-03-16,32.0,44.0,38.0
2020-03-17,33.5,43.5,38.5
2020-03-18,35.0,43.0,39.0
2020-03-19,32.0,44.0,38.0
2020-03-20,32.0,44.0,38.0
2020-03-21,32.0,44.0,38.0
2020-03-22,32.0,44.0,38.0
2020-03-23,32.0,44.0,38.0
2020-03-24,32.5,45.0,38.75
2020-03-25,33.0,46.0,39.5
2020-03-26,30.0,44.0,37.0
2020-03-27,33.0,44.0,38.5
2020-03-28,30.0,44.0,37.0
2020-03-29,30.0,44.0,37.0
2020-03-30,30.0,44.0,37.0
2020-03-31,35.0,44.0,39.5
2020-04-01,36.0,45.0,40.5
2020-04-02,35.0,45.0,40.0
2020-04-03,32.0,45.0,38.5
2020-04-04,35.0,45.0,40.0
2020-04-05,35.5,45.0,40.25
2020-04-06,36.0,45.0,40.5
2020-04-07,35.0,45.0,40.0
2020-04-08,35.166666666666664,45.0,40.08333333333333
2020-04-09,35.333333333333336,45.0,40.16666666666667
2020-04-10,35.5,45.0,40.25
2020-04-11,35.666666666666664,45.0,40.33333333333333
2020-04-12,35.833333333333336,45.0,40.41666666666667
2020-04-13,36.0,45.0,40.5
2020-04-14,35.95918367346939,44.97959183673469,40.46938775510204
2020-04-15,35.91836734693877,44.95918367346939,40.43877551020408
2020-04-16,35.87755102040816,44.93877551020408,40.40816326530612
2020-04-17,35.83673469387755,44.91836734693877,40.37755102040816
2020-04-18,35.795918367346935,44.89795918367347,40.3469387755102
2020-04-19,35.755102040816325,44.87755102040816,40.316326530612244
2020-04-20,35.714285714285715,44.857142857142854,40.285714285714285
2020-04-21,35.673469387755105,44.83673469387755,40.255102040816325
2020-04-22,35.63265306122449,44.816326530612244,40.224489795918366
2020-04-23,35.59183673469388,44.795918367346935,40.19387755102041
2020-04-24,35.55102040816327,44.775510204081634,40.163265306122454
2020-04-25,35.51020408163265,44.755102040816325,40.13265306122449
2020-04-26,35.46938775510204,44.734693877551024,40.102040816326536
2020-04-27,35.42857142857143,44.714285714285715,40.07142857142857
2020-04-28,35.38775510204081,44.69387755102041,40.04081632653061
2020-04-29,35.3469387755102,44.673469387755105,40.01020408163265
2020-04-30,35.30612244897959,44.6530612244898,39.9795918367347
2020-05-01,35.265306122448976,44.63265306122449,39.94897959183673
2020-05-02,35.224489795918366,44.61224489795919,39.91836734693878
2020-05-03,35.183673469387756,44.59183673469388,39.88775510204081
2020-05-04,35.142857142857146,44.57142857142857,39.85714285714286
2020-05-05,35.10204081632653,44.55102040816327,39.826530612244895
2020-05-06,35.06122448979592,44.53061224489796,39.79591836734694
2020-05-07,35.02040816326531,44.51020408163265,39.765306122448976
2020-05-08,34.97959183673469,44.48979591836735,39.734693877551024
2020-05-09,34.93877551020408,44.46938775510204,39.70408163265306
2020-05-10,34.89795918367347,44.44897959183673,39.673469387755105
2020-05-11,34.857142857142854,44.42857142857143,39.64285714285714
2020-05-12,34.816326530612244,44.40816326530612,39.61224489795919
2020-05-13,34.775510204081634,44.38775510204081,39.58163265306122
2020-05-14,34.734693877551024,44.36734693877551,39.55102040816327
2020-05-15,34.69387755102041,44.3469387755102,39.5204081632653
2020-05-16,34.6530612244898,44.326530612244895,39.48979591836735
2020-05-17,34.61224489795919,44.30612244897959,39.45918367346939
2020-05-18,34.57142857142857,44.285714285714285,39.42857142857143
2020-05-19,34.53061224489796,44.265306122448976,39.397959183673464
2020-05-20,34.48979591836735,44.244897959183675,39.36734693877551
2020-05-21,34.44897959183673,44.224489795918366,39.336734693877546
2020-05-22,34.40816326530612,44.204081632653065,39.30612244897959
2020-05-23,34.36734693877551,44.183673469387756,39.275510204081634
2020-05-24,34.326530612244895,44.16326530612245,39.244897959183675
2020-05-25,34.285714285714285,44.142857142857146,39.214285714285715
2020-05-26,34.244897959183675,44.12244897959184,39.183673469387756
2020-05-27,34.204081632653065,44.10204081632653,39.1530612244898
2020-05-28,34.16326530612245,44.08163265306123,39.12244897959184
2020-05-29,34.12244897959184,44.06122448979592,39.09183673469388
2020-05-30,34.08163265306123,44.04081632653061,39.06122448979592
2020-05-31,34.04081632653061,44.02040816326531,39.03061224489796
2020-06-01,34.0,44.0,39.0
2020-06-02,34.0,44.0,39.0
2020-06-03,35.0,44.0,39.5
2020-06-04,35.0,44.0,39.5
2020-06-05,35.0,44.0,39.5
2020-06-06,35.0,44.0,39.5
2020-06-07,35.0,44.0,39.5
2020-06-08,35.0,44.0,39.5
2020-06-09,35.0,44.0,39.5
2020-06-10,35.0,44.0,39.5
2020-06-11,35.0,44.0,39.5
2020-06-12,35.0,44.0,39.5
2020-06-13,35.0,44.0,39.5
2020-06-14,35.0,44.0,39.5
2020-06-15,35.0,44.0,39.5
2020-06-16,35.0,44.0,39.5
2020-06-17,35.0,44.0,39.5
2020-06-18,35.0,44.0,39.5
2020-06-19,35.0,44.0,39.5
2020-06-20,35.0,44.0,39.5
2020-06-21,35.0,44.0,39.5
2020-06-22,35.0,44.0,39.5
2020-06-23,35.0,44.0,39.5
2020-06-24,35.0,44.0,39.5
2020-06-25,35.0,44.0,39.5
2020-06-26,35.0,44.0,39.5
2020-06-27,35.0,44.0,39.5
2020-06-28,35.0,44.0,39.5
2020-06-29,35.0,44.0,39.5
2020-06-30,35.0,44.0,39.5
2020-07-01,35.0,44.0,39.5
2020-07-02,35.0,44.0,39.5
2020-07-03,35.0,44.0,39.5
2020-07-04,35.0,44.0,39.5
2020-07-05,35.0,44.0,39.5
2020-07-06,35.0,44.0,39.5
2020-07-07,35.0,44.0,39.5
2020-07-08,35.0,44.0,39.5
2020-07-09,35.0,44.0,39.5
2020-07-10,35.0,44.0,39.5
2020-07-11,35.0,44.0,39.5
2020-07-12,35.0,44.0,39.5
2020-07-13,35.0,44.0,39.5
2020-07-14,35.0,44.0,39.5
2020-07-15,34.0,44.0,39.0
2020-07-16,37.0,44.0,40.5
2020-07-17,34.0,44.0,39.0
2020-07-18,35.0,44.0,39.5
2020-07-19,36.0,44.0,40.0
2020-07-20,37.0,44.0,40.5
2020-07-21,34.0,44.0,39.0
2020-07-22,34.0,44.0,39.0
2020-07-23,34.0,44.0,39.0
2020-07-24,37.0,44.0,40.5
2020-07-25,37.0,45.666666666666664,41.33333333333333
2020-07-26,37.0,47.333333333333336,42.16666666666667
2020-07-27,37.0,49.0,43.0
2020-07-28,37.0,44.0,40.5
2020-07-29,37.0,44.0,40.5
2020-07-30,37.0,44.0,40.5
2020-07-31,36.4,44.0,40.2
2020-08-01,35.8,44.0,39.9
2020-08-02,35.2,44.0,39.6
2020-08-03,34.6,44.0,39.3
2020-08-04,34.0,44.0,39.0
2020-08-05,34.0,44.0,39.0
2020-08-06,34.0,44.0,39.0
2020-08-07,34.0,44.0,39.0
2020-08-08,34.0,44.0,39.0
2020-08-09,34.0,44.0,39.0
2020-08-10,34.0,44.0,39.0
2020-08-11,34.0,44.0,39.0
2020-08-12,34.0,44.0,39.0
2020-08-13,34.0,44.0,39.0
2020-08-14,34.0,44.0,39.0
2020-08-15,34.0,44.0,39.0
2020-08-16,34.0,44.0,39.0
2020-08-17,34.0,44.0,39.0
2020-08-18,34.0,44.0,39.0
2020-08-19,34.0,44.0,39.0
2020-08-20,34.0,44.0,39.0
2020-08-21,34.0,44.0,39.0
2020-08-22,34.0,44.0,39.0
2020-08-23,34.0,44.0,39.0
2020-08-24,34.0,44.0,39.0
2020-08-25,34.0,44.0,39.0
2020-08-26,34.0,44.0,39.0
2020-08-27,34.0,44.0,39.0
2020-08-28,34.0,44.0,39.0
2020-08-29,34.0,44.0,39.0
2020-08-30,34.0,44.0,39.0
2020-08-31,34.0,44.0,39.0
2020-09-01,34.0,44.0,39.0
2020-09-02,34.0,44.0,39.0
2020-09-03,34.0,44.0,39.0
2020-09-04,34.0,44.0,39.0
2020-09-05,34.0,44.0,39.0
2020-09-06,34.0,44.0,39.0
2020-09-07,34.0,44.0,39.0
2020-09-08,34.0,44.0,39.0
2020-09-09,34.0,44.0,39.0
2020-09-10,34.0,44.0,39.0
2020-09-11,34.0,44.0,39.0
2020-09-12,34.0,44.0,39.0
2020-09-13,34.0,44.0,39.0
2020-09-14,34.0,44.0,39.0
2020-09-15,34.0,44.0,39.0
2020-09-16,30.0,44.0,37.0
2020-09-17,32.0,44.0,38.0
2020-09-18,34.0,44.0,39.0
2020-09-19,34.0,44.0,39.0
2020-09-20,34.0,44.0,39.0
2020-09-21,34.0,44.0,39.0
2020-09-22,34.0,46.0,40.0
2020-09-23,34.0,44.0,39.0
2020-09-24,34.0,44.0,39.0
2020-09-25,34.0,44.0,39.0
2020-09-26,33.333333333333336,44.0,38.66666666666667
2020-09-27,32.666666666666664,44.0,38.33333333333333
2020-09-28,32.0,44.0,38.0
2020-09-29,32.0,44.0,38.0
2020-09-30,37.0,45.0,41.0
2020-10-01,35.0,45.0,40.0
2020-10-02,35.0,45.0,40.0
2020-10-03,35.0,45.0,40.0
2020-10-04,35.0,45.0,40.0
2020-10-05,35.0,45.0,40.0
2020-10-06,35.0,44.0,39.5
2020-10-07,35.0,44.0,39.5
2020-10-08,35.0,45.0,40.0
2020-10-09,35.0,45.0,40.0
2020-10-10,35.0,44.666666666666664,39.83333333333333
2020-10-11,35.0,44.333333333333336,39.66666666666667
2020-10-12,35.0,44.0,39.5
2020-10-13,33.0,44.0,38.5
2020-10-14,33.0,44.0,38.5
2020-10-15,33.0,44.0,38.5
2020-10-16,33.0,44.0,38.5
2020-10-17,33.0,44.0,38.5
2020-10-18,33.0,44.0,38.5
2020-10-19,33.0,44.0,38.5
2020-10-20,33.0,44.0,38.5
2020-10-21,33.0,44.0,38.5
2020-10-22,33.0,44.0,38.5
2020-10-23,34.0,44.0,39.0
2020-10-24,35.0,44.0,39.5
2020-10-25,36.0,44.0,40.0
2020-10-26,37.0,44.0,40.5
2020-10-27,37.0,44.0,40.5
2020-10-28,33.0,44.0,38.5
2020-10-29,33.0,44.0,38.5
2020-10-30,33.0,49.0,41.0
2020-10-31,33.0,47.75,40.375
2020-11-01,33.0,46.5,39.75
2020-11-02,33.0,45.25,39.125
2020-11-03,33.0,44.0,38.5
2020-11-04,33.0,44.0,38.5
2020-11-05,33.0,44.0,38.5
2020-11-06,33.0,44.0,38.5
2020-11-07,33.0,44.0,38.5
2020-11-08,33.0,44.0,38.5
2020-11-09,33.0,44.0,38.5
2020-11-10,33.0,44.0,38.5
2020-11-11,33.0,44.0,38.5
2020-11-12,33.0,44.0,38.5
2020-11-13,33.0,44.0,38.5
2020-11-14,33.0,44.0,38.5
2020-11-15,33.0,44.0,38.5
2020-11-16,33.0,44.0,38.5
2020-11-17,33.0,44.0,38.5
2020-11-18,33.0,44.0,38.5
2020-11-19,33.0,44.0,38.5
2020-11-20,33.0,44.0,38.5
2020-11-21,33.666666666666664,44.0,38.83333333333333
2020-11-22,34.333333333333336,44.0,39.16666666666667
2020-11-23,35.0,44.0,39.5
2020-11-24,35.0,44.0,39.5
2020-11-25,35.0,44.0,39.5
2020-11-26,35.0,44.0,39.5
2020-11-27,35.0,44.0,39.5
2020-11-28,35.0,44.0,39.5
2020-11-29,35.0,44.0,39.5
2020-11-30,35.0,44.0,39.5
2020-12-01,35.0,44.0,39.5
2020-12-02,35.0,44.0,39.5
2020-12-03,35.0,44.0,39.5
2020-12-04,35.0,44.0,39.5
2020-12-05,35.0,44.0,39.5
2020-12-06,35.0,44.0,39.5
2020-12-07,35.0,44.0,39.5
2020-12-08,35.0,44.0,39.5
2020-12-09,35.0,44.0,39.5
2020-12-10,37.0,45.0,41.0
2020-12-11,34.0,45.0,39.5
2020-12-12,35.0,44.666666666666664,39.83333333333333
2020-12-13,36.0,44.333333333333336,40.16666666666667
2020-12-14,37.0,44.0,40.5
2020-12-15,36.0,44.0,40.0
2020-12-16,36.0,44.0,40.0
2020-12-17,37.0,44.0,40.5
2020-12-18,37.0,44.0,40.5
2020-12-19,37.0,44.0,40.5
2020-12-20,37.0,44.0,40.5
2020-12-21,37.0,44.0,40.5
2020-12-22,37.0,44.0,40.5
2020-12-23,37.0,44.0,40.5
2020-12-24,37.0,44.0,40.5
2020-12-25,37.0,44.0,40.5
2020-12-26,37.0,44.0,40.5
2020-12-27,37.0,44.0,40.5
2020-12-28,37.0,44.0,40.5
2020-12-29,37.0,44.0,40.5
2020-12-30,37.0,44.0,40.5
2020-12-31,37.0,44.0,40.5
2021-01-01,37.0,44.0,40.5
2021-01-02,37.0,44.0,40.5
2021-01-03,37.0,44.0,40.5
2021-01-04,37.0,44.0,40.5
2021-01-05,37.0,44.0,40.5
2021-01-06,37.0,44.0,40.5
2021-01-07,37.0,44.0,40.5
2021-01-08,37.0,44.0,40.5
2021-01-09,36.0,44.0,40.0
2021-01-10,35.0,44.0,39.5
2021-01-11,34.0,44.0,39.0
2021-01-12,36.0,45.0,40.5
2021-01-13,36.0,45.0,40.5
2021-01-14,36.0,44.0,40.0
2021-01-15,36.0,44.0,40.0
2021-01-16,36.0,44.0,40.0
2021-01-17,36.0,44.0,40.0
2021-01-18,36.0,44.0,40.0
2021-01-19,36.0,44.0,40.0
2021-01-20,33.0,44.0,38.5
2021-01-21,33.0,44.0,38.5
2021-01-22,33.0,44.0,38.5
2021-01-23,33.0,44.666666666666664,38.83333333333333
2021-01-24,33.0,45.333333333333336,39.16666666666667
2021-01-25,33.0,46.0,39.5
2021-01-26,33.0,45.0,39.0
2021-01-27,33.0,45.0,39.0
2021-01-28,33.0,45.0,39.0
2021-01-29,33.0,45.0,39.0
2021-01-30,34.0,45.0,39.5
2021-01-31,35.0,45.0,40.0
2021-02-01,36.0,45.0,40.5
2021-02-02,36.0,45.0,40.5
2021-02-03,36.0,45.0,40.5
2021-02-04,36.0,45.0,40.5
2021-02-05,36.0,45.0,40.5
2021-02-06,36.0,45.0,40.5
2021-02-07,36.0,45.0,40.5
2021-02-08,36.0,45.0,40.5
2021-02-09,36.0,45.0,40.5
2021-02-10,36.0,45.0,40.5
2021-02-11,36.0,45.0,40.5
2021-02-12,36.0,45.0,40.5
2021-02-13,36.0,45.0,40.5
2021-02-14,36.0,45.0,40.5
2021-02-15,36.0,45.0,40.5
2021-02-16,36.0,45.0,40.5
2021-02-17,36.0,45.0,40.5
2021-02-18,36.0,45.0,40.5
2021-02-19,36.0,45.0,40.5
2021-02-20,36.0,45.0,40.5
2021-02-21,36.0,45.0,40.5
2021-02-22,36.0,45.0,40.5
2021-02-23,37.0,45.0,41.0
2021-02-24,36.0,45.0,40.5
2021-02-25,37.0,45.0,41.0
2021-02-26,36.0,45.0,40.5
2021-02-27,36.0,45.0,40.5
2021-02-28,36.0,45.0,40.5
2021-03-01,36.0,45.0,40.5
2021-03-02,36.0,45.0,40.5
2021-03-03,36.0,45.0,40.5
2021-03-04,36.0,45.0,40.5
2021-03-05,36.0,45.0,40.5
2021-03-06,36.0,45.0,40.5
2021-03-07,36.0,45.0,40.5
2021-03-08,36.0,45.0,40.5
2021-03-09,36.0,45.0,40.5
2021-03-10,36.0,45.0,40.5
2021-03-11,36.0,45.0,40.5
2021-03-12,36.0,47.0,41.5
2021-03-13,36.0,47.0,41.5
2021-03-14,36.0,47.0,41.5
2021-03-15,36.0,47.0,41.5
2021-03-16,35.0,47.0,41.0
2021-03-17,35.0,47.0,41.0
2021-03-18,35.0,47.0,41.0
2021-03-19,36.0,47.0,41.5
2021-03-20,35.666666666666664,47.0,41.33333333333333
2021-03-21,35.333333333333336,47.0,41.16666666666667
2021-03-22,35.0,47.0,41.0
2021-03-23,35.0,47.0,41.0
2021-03-24,35.0,46.0,40.5
2021-03-25,35.0,45.0,40.0
2021-03-26,35.0,45.0,40.0
2021-03-27,35.0,45.0,40.0
2021-03-28,35.0,45.0,40.0
2021-03-29,35.0,45.0,40.0
2021-03-30,35.0,45.0,40.0
2021-03-31,35.0,45.0,40.0
2021-04-01,35.0,45.6,40.3
2021-04-02,35.0,46.2,40.6
2021-04-03,35.0,46.8,40.9
2021-04-04,35.0,47.4,41.2
2021-04-05,35.0,48.0,41.5
2021-04-06,33.0,48.0,40.5
2021-04-07,33.0,45.0,39.0
2021-04-08,33.0,48.0,40.5
2021-04-09,33.0,48.0,40.5
2021-04-10,33.0,48.0,40.5
2021-04-11,33.0,48.0,40.5
2021-04-12,33.0,48.0,40.5
2021-04-13,33.0,48.0,40.5
2021-04-14,33.0,47.0,40.0
2021-04-15,33.0,47.0,40.0
2021-04-16,33.0,45.0,39.0
2021-04-17,33.0,45.666666666666664,39.33333333333333
2021-04-18,33.0,46.333333333333336,39.66666666666667
2021-04-19,33.0,47.0,40.0
2021-04-20,33.0,45.0,39.0
2021-04-21,33.0,45.0,39.0
2021-04-22,33.0,44.0,38.5
2021-04-23,33.0,44.0,38.5
2021-04-24,33.0,44.0,38.5
2021-04-25,33.0,44.0,38.5
2021-04-26,33.0,44.0,38.5
2021-04-27,33.0,44.0,38.5
2021-04-28,33.0,44.0,38.5
2021-04-29,33.0,48.0,40.5
2021-04-30,33.0,44.0,38.5
2021-05-01,33.0,44.0,38.5
2021-05-02,33.0,44.0,38.5
2021-05-03,33.0,44.0,38.5
2021-05-04,33.0,44.0,38.5
2021-05-05,33.0,44.0,38.5
2021-05-06,35.0,44.0,39.5
2021-05-07,35.25,44.0,39.625
2021-05-08,35.5,44.0,39.75
2021-05-09,35.75,44.0,39.875
2021-05-10,36.0,44.0,40.0
2021-05-11,36.0,44.0,40.0
2021-05-12,36.0,44.0,40.0
2021-05-13,36.0,46.0,41.0
2021-05-14,36.0,46.0,41.0
2021-05-15,36.0,45.666666666666664,40.83333333333333
2021-05-16,36.0,45.333333333333336,40.66666666666667
2021-05-17,36.0,45.0,40.5
2021-05-18,36.0,44.0,40.0
2021-05-19,36.0,44.0,40.0
2021-05-20,36.0,44.0,40.0
2021-05-21,36.0,44.0,40.0
2021-05-22,36.0,45.0,40.5
2021-05-23,36.0,46.0,41.0
2021-05-24,36.0,47.0,41.5
2021-05-25,36.0,47.0,41.5
2021-05-26,36.0,47.0,41.5
2021-05-27,32.0,44.0,38.0
2021-05-28,36.0,44.0,40.0
2021-05-29,36.0,44.0,40.0
2021-05-30,36.0,44.0,40.0
2021-05-31,36.0,44.0,40.0
2021-06-01,35.0,44.0,39.5
2021-06-02,35.0,44.0,39.5
2021-06-03,35.0,44.0,39.5
2021-06-04,35.0,44.0,39.5
2021-06-05,35.0,44.0,39.5
2021-06-06,35.0,44.0,39.5
2021-06-07,35.0,44.0,39.5
2021-06-08,35.0,44.0,39.5
2021-06-09,35.0,44.0,39.5
2021-06-10,35.0,44.0,39.5
2021-06-11,35.0,44.0,39.5
2021-06-12,35.0,44.0,39.5
2021-06-13,35.0,44.0,39.5
2021-06-14,35.0,44.0,39.5
2021-06-15,35.0,44.0,39.5
2021-06-16,35.0,44.0,39.5
2021-06-17,35.0,44.0,39.5
2021-06-18,35.0,44.0,39.5
2021-06-19,35.0,44.0,39.5
2021-06-20,35.0,44.0,39.5
2021-06-21,35.0,44.0,39.5
2021-06-22,35.0,44.0,39.5
2021-06-23,35.0,44.0,39.5
2021-06-24,35.0,44.0,39.5
2021-06-25,35.0,44.0,39.5
2021-06-26,35.0,44.0,39.5
2021-06-27,35.0,44.0,39.5
2021-06-28,35.0,44.0,39.5
2021-06-29,35.0,44.0,39.5
2021-06-30,35.0,44.0,39.5
2021-07-01,35.0,44.0,39.5
2021-07-02,35.0,44.0,39.5
2021-07-03,35.0,44.0,39.5
2021-07-04,35.0,44.0,39.5
2021-07-05,35.0,44.0,39.5
2021-07-06,36.0,45.0,40.5
2021-07-07,36.0,44.0,40.0
2021-07-08,36.0,44.0,40.0
2021-07-09,36.0,44.0,40.0
2021-07-10,36.0,44.333333333333336,40.16666666666667
2021-07-11,36.0,44.666666666666664,40.33333333333333
2021-07-12,36.0,45.0,40.5
2021-07-13,36.0,44.0,40.0
2021-07-14,36.0,44.0,40.0
2021-07-15,36.0,44.0,40.0
2021-07-16,36.0,44.0,40.0
2021-07-17,36.0,45.333333333333336,40.66666666666667
2021-07-18,36.0,46.666666666666664,41.33333333333333
2021-07-19,36.0,48.0,42.0
2021-07-20,36.0,44.0,40.0
2021-07-21,36.0,44.0,40.0
2021-07-22,36.0,44.0,40.0
2021-07-23,36.0,44.0,40.0
2021-07-24,36.0,44.0,40.0
2021-07-25,36.0,44.0,40.0
2021-07-26,36.0,44.0,40.0
2021-07-27,36.0,44.0,40.0
2021-07-28,36.0,44.0,40.0
2021-07-29,36.0,44.0,40.0
2021-07-30,36.0,44.0,40.0
2021-07-31,36.0,44.0,40.0
2021-08-01,36.0,44.0,40.0
2021-08-02,36.0,44.0,40.0
2021-08-03,34.0,44.0,39.0
2021-08-04,36.0,44.0,40.0
2021-08-05,36.0,44.0,40.0
2021-08-06,36.0,44.0,40.0
2021-08-07,36.333333333333336,44.0,40.16666666666667
2021-08-08,36.666666666666664,44.0,40.33333333333333
2021-08-09,37.0,44.0,40.5
2021-08-10,36.0,44.0,40.0
2021-08-11,36.0,44.0,40.0
2021-08-12,36.0,44.0,40.0
2021-08-13,36.0,44.0,40.0
2021-08-14,36.0,44.0,40.0
2021-08-15,36.0,44.0,40.0
2021-08-16,36.0,44.0,40.0
2021-08-17,36.0,44.0,40.0
2021-08-18,36.0,44.0,40.0
2021-08-19,36.0,44.0,40.0
2021-08-20,36.0,44.0,40.0
2021-08-21,36.0,44.0,40.0
2021-08-22,36.0,44.0,40.0
2021-08-23,36.0,44.0,40.0
2021-08-24,36.0,44.0,40.0
2021-08-25,36.0,44.0,40.0
2021-08-26,36.0,44.0,40.0
2021-08-27,36.0,44.0,40.0
2021-08-28,36.0,44.0,40.0
2021-08-29,36.0,44.0,40.0
2021-08-30,36.0,44.0,40.0
2021-08-31,36.0,44.0,40.0
2021-09-01,36.0,44.0,40.0
2021-09-02,37.0,44.0,40.5
2021-09-03,37.0,44.0,40.5
2021-09-04,37.0,44.0,40.5
2021-09-05,37.0,44.0,40.5
2021-09-06,37.0,44.0,40.5
2021-09-07,37.0,44.0,40.5
2021-09-08,37.0,44.0,40.5
2021-09-09,37.0,44.0,40.5
2021-09-10,37.0,44.0,40.5
2021-09-11,37.0,44.0,40.5
2021-09-12,37.0,44.0,40.5
2021-09-13,37.0,44.0,40.5
2021-09-14,37.0,44.0,40.5
2021-09-15,37.0,44.0,40.5
2021-09-16,37.0,44.0,40.5
2021-09-17,37.0,44.0,40.5
2021-09-18,37.0,44.166666666666664,40.58333333333333
2021-09-19,37.0,44.333333333333336,40.66666666666667
2021-09-20,37.0,44.5,40.75
2021-09-21,37.0,44.0,40.5
2021-09-22,37.0,44.0,40.5
2021-09-23,37.0,44.0,40.5
2021-09-24,37.0,44.0,40.5
2021-09-25,37.0,44.0,40.5
2021-09-26,37.0,44.0,40.5
2021-09-27,37.0,44.0,40.5
2021-09-28,37.0,44.0,40.5
2021-09-29,37.5,44.0,40.75
2021-09-30,37.5,44.0,40.75
2021-10-01,37.5,44.0,40.75
2021-10-02,37.5,44.0,40.75
2021-10-03,37.5,44.0,40.75
2021-10-04,37.5,44.0,40.75
2021-10-05,37.5,44.0,40.75
2021-10-06,37.5,44.0,40.75
2021-10-07,37.5,44.0,40.75
2021-10-08,37.5,44.0,40.75
2021-10-09,37.5,44.0,40.75
2021-10-10,37.5,44.0,40.75
2021-10-11,37.5,44.0,40.75
2021-10-12,37.5,44.0,40.75
2021-10-13,37.5,44.0,40.75
2021-10-14,37.5,44.0,40.75
2021-10-15,37.5,44.0,40.75
2021-10-16,37.5,44.0,40.75
2021-10-17,37.5,44.0,40.75
2021-10-18,37.5,44.0,40.75
2021-10-19,37.5,44.0,40.75
2021-10-20,37.5,44.0,40.75
2021-10-21,37.5,44.0,40.75
2021-10-22,37.5,44.0,40.75
2021-10-23,37.5,44.0,40.75
2021-10-24,37.5,44.0,40.75
2021-10-25,37.5,44.0,40.75
2021-10-26,37.5,44.0,40.75
2021-10-27,37.5,44.0,40.75
2021-10-28,37.5,44.0,40.75
2021-10-29,37.5,44.0,40.75
2021-10-30,37.5,44.0,40.75
2021-10-31,37.5,44.0,40.75
2021-11-01,37.5,44.0,40.75
2021-11-02,37.5,44.0,40.75
2021-11-03,37.5,44.0,40.75
2021-11-04,37.5,44.0,40.75
2021-11-05,37.5,44.0,40.75
2021-11-06,37.5,44.0,40.75
2021-11-07,37.5,44.0,40.75
2021-11-08,37.5,44.0,40.75
2021-11-09,37.5,44.0,40.75
2021-11-10,37.5,44.0,40.75
2021-11-11,37.5,44.0,40.75
2021-11-12,38.0,44.0,41.0
2021-11-13,37.833333333333336,44.0,40.91666666666667
2021-11-14,37.666666666666664,44.0,40.83333333333333
2021-11-15,37.5,44.0,40.75
2021-11-16,37.5,44.0,40.75
2021-11-17,37.5,44.0,40.75
2021-11-18,37.5,44.0,40.75
2021-11-19,37.5,44.0,40.75
2021-11-20,37.5,44.0,40.75
2021-11-21,37.5,44.0,40.75
2021-11-22,37.5,44.0,40.75
2021-11-23,37.5,44.0,40.75
2021-11-24,37.5,44.0,40.75
2021-11-25,37.5,44.0,40.75
2021-11-26,37.5,44.0,40.75
2021-11-27,37.5,44.0,40.75
2021-11-28,37.5,44.0,40.75
2021-11-29,37.5,44.0,40.75
2021-11-30,37.5,44.0,40.75
2021-12-01,37.5,44.0,40.75
2021-12-02,37.5,44.0,40.75
2021-12-03,37.5,44.0,40.75
2021-12-04,37.5,44.0,40.75
2021-12-05,37.5,44.0,40.75
2021-12-06,37.5,44.0,40.75
2021-12-07,37.5,44.0,40.75
2021-12-08,37.5,44.0,40.75
2021-12-09,37.5,44.0,40.75
2021-12-10,37.5,44.0,40.75
2021-12-11,37.5,44.0,40.75
2021-12-12,37.5,44.0,40.75
2021-12-13,37.5,44.0,40.75
2021-12-14,37.5,44.0,40.75
2021-12-15,37.5,44.0,40.75
2021-12-16,37.5,44.0,40.75
2021-12-17,37.5,44.0,40.75
2021-12-18,37.5,44.0,40.75
2021-12-19,37.5,44.0,40.75
2021-12-20,37.5,44.0,40.75
2021-12-21,37.5,44.0,40.75
2021-12-22,37.5,44.0,40.75
2021-12-23,37.5,44.0,40.75
2021-12-24,37.5,44.0,40.75
2021-12-25,37.5,44.0,40.75
2021-12-26,37.5,44.0,40.75
2021-12-27,37.5,44.0,40.75
2021-12-28,37.5,44.0,40.75
2021-12-29,37.5,44.0,40.75
2021-12-30,37.5,44.0,40.75
2021-12-31,37.5,44.0,40.75
2022-01-01,37.5,44.0,40.75
2022-01-02,37.5,44.0,40.75
2022-01-03,37.5,44.0,40.75
2022-01-04,37.5,44.0,40.75
2022-01-05,37.5,44.0,40.75
2022-01-06,37.5,44.0,40.75
2022-01-07,37.5,44.0,40.75
2022-01-08,37.5,44.0,40.75
2022-01-09,37.5,44.0,40.75
2022-01-10,37.5,44.0,40.75
2022-01-11,37.5,44.0,40.75
2022-01-12,37.5,44.0,40.75
2022-01-13,37.5,44.0,40.75
2022-01-14,37.5,44.0,40.75
2022-01-15,37.5,44.0,40.75
2022-01-16,37.5,44.0,40.75
2022-01-17,37.5,44.0,40.75
2022-01-18,37.5,44.0,40.75
2022-01-19,37.5,44.0,40.75
2022-01-20,37.5,44.0,40.75
2022-01-21,37.5,44.0,40.75
2022-01-22,37.333333333333336,44.0,40.66666666666667
2022-01-23,37.166666666666664,44.0,40.58333333333333
2022-01-24,37.0,44.0,40.5
2022-01-25,37.0,44.0,40.5
2022-01-26,37.0,44.0,40.5
2022-01-27,37.0,44.0,40.5
2022-01-28,37.5,44.0,40.75
2022-01-29,37.333333333333336,44.0,40.66666666666667
2022-01-30,37.166666666666664,44.0,40.58333333333333
2022-01-31,37.0,44.0,40.5
2022-02-01,37.0,44.0,40.5
2022-02-02,37.0,44.0,40.5
2022-02-03,37.0,44.0,40.5
2022-02-04,37.0,44.0,40.5
2022-02-05,37.166666666666664,44.0,40.58333333333333
2022-02-06,37.333333333333336,44.0,40.66666666666667
2022-02-07,37.5,44.0,40.75
2022-02-08,37.0,44.0,40.5
2022-02-09,37.0,44.0,40.5
2022-02-10,37.0,44.0,40.5
2022-02-11,37.0,44.0,40.5
2022-02-12,37.0,44.0,40.5
2022-02-13,37.0,44.0,40.5
2022-02-14,37.0,44.0,40.5
2022-02-15,37.0,44.0,40.5
2022-02-16,37.0,44.0,40.5
2022-02-17,37.0,44.0,40.5
2022-02-18,37.5,44.0,40.75
2022-02-19,37.333333333333336,44.0,40.66666666666667
2022-02-20,37.166666666666664,44.0,40.58333333333333
2022-02-21,37.0,44.0,40.5
2022-02-22,37.0,44.0,40.5
2022-02-23,37.0,44.0,40.5
2022-02-24,37.0,44.0,40.5
2022-02-25,37.0,44.0,40.5
2022-02-26,37.0,44.0,40.5
2022-02-27,37.0,44.0,40.5
2022-02-28,37.0,44.0,40.5
2022-03-01,37.0,44.0,40.5
2022-03-02,37.0,44.0,40.5
2022-03-03,37.0,44.0,40.5
2022-03-04,37.0,44.0,40.5
2022-03-05,37.0,44.0,40.5
2022-03-06,37.0,44.0,40.5
2022-03-07,37.0,44.0,40.5
2022-03-08,37.0,44.0,40.5
2022-03-09,37.0,44.0,40.5
2022-03-10,37.0,44.0,40.5
2022-03-11,37.0,44.0,40.5
2022-03-12,37.0,44.0,40.5
2022-03-13,37.0,44.0,40.5
2022-03-14,37.0,44.0,40.5
2022-03-15,37.5,44.0,40.75
2022-03-16,37.5,44.0,40.75
2022-03-17,37.0,44.0,40.5
2022-03-18,37.0,44.0,40.5
2022-03-19,37.0,44.0,40.5
2022-03-20,37.0,44.0,40.5
2022-03-21,37.0,44.0,40.5
2022-03-22,37.0,44.0,40.5
2022-03-23,37.5,44.0,40.75
2022-03-24,37.0,44.0,40.5
2022-03-25,37.0,44.0,40.5
2022-03-26,37.0,44.0,40.5
2022-03-27,37.0,44.0,40.5
2022-03-28,37.0,44.0,40.5
2022-03-29,37.0,44.0,40.5
2022-03-30,37.0,44.0,40.5
2022-03-31,37.5,44.0,40.75
2022-04-01,37.5,44.0,40.75
2022-04-02,37.333333333333336,44.0,40.66666666666667
2022-04-03,37.166666666666664,44.0,40.58333333333333
2022-04-04,37.0,44.0,40.5
2022-04-05,37.0,44.0,40.5
2022-04-06,37.0,44.0,40.5
2022-04-07,37.0,44.0,40.5
2022-04-08,37.0,44.0,40.5
2022-04-09,37.0,44.0,40.5
2022-04-10,37.0,44.0,40.5
2022-04-11,37.0,44.0,40.5
2022-04-12,37.0,44.0,40.5
2022-04-13,37.0,44.0,40.5
2022-04-14,37.0,44.0,40.5
2022-04-15,37.0,44.0,40.5
2022-04-16,37.0,44.0,40.5
2022-04-17,37.0,44.0,40.5
2022-04-18,37.0,44.0,40.5
2022-04-19,37.0,44.0,40.5
2022-04-20,37.0,44.0,40.5
2022-04-21,37.0,44.0,40.5
2022-04-22,37.0,44.0,40.5
2022-04-23,37.0,44.0,40.5
2022-04-24,37.0,44.0,40.5
2022-04-25,37.0,44.0,40.5
2022-04-26,37.0,44.0,40.5
2022-04-27,37.0,44.0,40.5
2022-04-28,37.0,44.0,40.5
2022-04-29,37.0,44.0,40.5
2022-04-30,37.0,44.0,40.5
2022-05-01,37.0,44.0,40.5
2022-05-02,37.0,44.0,40.5
2022-05-03,37.0,44.0,40.5
2022-05-04,37.0,44.0,40.5
2022-05-05,37.0,44.0,40.5
2022-05-06,37.0,44.0,40.5
2022-05-07,37.0,44.0,40.5
2022-05-08,37.0,44.0,40.5
2022-05-09,37.0,44.0,40.5
2022-05-10,37.0,44.0,40.5
2022-05-11,37.0,44.0,40.5
2022-05-12,37.0,44.0,40.5
2022-05-13,37.0,44.0,40.5
2022-05-14,37.0,44.0,40.5
2022-05-15,37.0,44.0,40.5
2022-05-16,37.0,44.0,40.5
2022-05-17,37.0,44.0,40.5
2022-05-18,37.0,44.0,40.5
2022-05-19,37.0,44.0,40.5
2022-05-20,37.0,44.0,40.5
2022-05-21,37.0,44.0,40.5
2022-05-22,37.0,44.0,40.5
2022-05-23,37.0,44.0,40.5
2022-05-24,37.0,44.0,40.5
2022-05-25,37.0,44.0,40.5
2022-05-26,37.0,44.0,40.5
2022-05-27,37.0,44.0,40.5
2022-05-28,37.0,44.0,40.5
2022-05-29,37.0,44.0,40.5
2022-05-30,37.0,44.0,40.5
2022-05-31,37.0,44.0,40.5
2022-06-01,37.0,44.0,40.5
2022-06-02,37.0,44.0,40.5
2022-06-03,37.0,44.0,40.5
2022-06-04,37.0,44.0,40.5
2022-06-05,37.0,44.0,40.5
2022-06-06,37.0,44.0,40.5
2022-06-07,37.0,44.0,40.5
2022-06-08,37.0,44.0,40.5
2022-06-09,37.0,44.0,40.5
2022-06-10,37.0,44.0,40.5
2022-06-11,37.0,44.0,40.5
2022-06-12,37.0,44.0,40.5
2022-06-13,37.0,44.0,40.5
2022-06-14,37.0,44.0,40.5
2022-06-15,37.0,44.0,40.5
2022-06-16,37.0,44.0,40.5
2022-06-17,37.0,44.0,40.5
2022-06-18,37.0,44.0,40.5
2022-06-19,37.0,44.0,40.5
2022-06-20,37.0,44.0,40.5
2022-06-21,37.0,44.0,40.5
2022-06-22,37.0,44.0,40.5
2022-06-23,37.0,44.0,40.5
2022-06-24,37.0,44.0,40.5
2022-06-25,37.0,44.0,40.5
2022-06-26,37.0,44.0,40.5
2022-06-27,37.0,44.0,40.5
2022-06-28,37.0,44.0,40.5
2022-06-29,38.0,44.0,41.0
2022-06-30,38.0,44.0,41.0
2022-07-01,38.0,44.0,41.0
2022-07-02,38.0,44.0,41.0
2022-07-03,38.0,44.0,41.0
2022-07-04,38.0,44.0,41.0
2022-07-05,38.0,44.0,41.0
2022-07-06,38.0,44.0,41.0
2022-07-07,38.0,44.0,41.0
2022-07-08,38.0,44.0,41.0
2022-07-09,38.0,44.0,41.0
2022-07-10,38.0,44.0,41.0
2022-07-11,38.0,44.0,41.0
2022-07-12,38.0,44.0,41.0
2022-07-13,38.0,44.0,41.0
2022-07-14,38.0,44.0,41.0
2022-07-15,38.0,44.0,41.0
2022-07-16,38.0,44.0,41.0
2022-07-17,38.0,44.0,41.0
2022-07-18,38.0,44.0,41.0
2022-07-19,38.0,44.0,41.0
2022-07-20,38.0,44.0,41.0
2022-07-21,38.0,44.0,41.0
2022-07-22,38.0,44.0,41.0
2022-07-23,38.0,44.0,41.0
2022-07-24,38.0,44.0,41.0
2022-07-25,38.0,44.0,41.0
2022-07-26,38.0,44.0,41.0
2022-07-27,38.0,44.0,41.0
2022-07-28,38.0,44.0,41.0
2022-07-29,38.0,44.0,41.0
2022-07-30,38.0,44.0,41.0
2022-07-31,38.0,44.0,41.0
2022-08-01,38.0,44.0,41.0
2022-08-02,38.0,44.0,41.0
2022-08-03,38.0,44.0,41.0
2022-08-04,38.0,44.0,41.0
2022-08-05,38.0,44.0,41.0
2022-08-06,38.0,44.0,41.0
2022-08-07,38.0,44.0,41.0
2022-08-08,38.0,44.0,41.0
2022-08-09,38.0,44.0,41.0
2022-08-10,38.0,44.0,41.0
2022-08-11,38.0,44.0,41.0
2022-08-12,38.0,44.0,41.0
2022-08-13,38.0,44.0,41.0
2022-08-14,38.0,44.0,41.0
2022-08-15,38.0,44.0,41.0
2022-08-16,38.0,44.0,41.0
2022-08-17,38.0,44.0,41.0
2022-08-18,38.0,44.0,41.0
2022-08-19,38.0,44.0,41.0
2022-08-20,38.0,44.0,41.0
2022-08-21,38.0,44.0,41.0
2022-08-22,38.0,44.0,41.0
2022-08-23,38.0,44.0,41.0
2022-08-24,38.0,44.0,41.0
2022-08-25,38.0,44.0,41.0
2022-08-26,38.0,44.0,41.0
2022-08-27,38.0,44.0,41.0
2022-08-28,38.0,44.0,41.0
2022-08-29,38.0,44.0,41.0
2022-08-30,38.0,44.0,41.0
2022-08-31,38.0,44.0,41.0
2022-09-01,38.0,44.0,41.0
2022-09-02,38.0,44.0,41.0
2022-09-03,38.0,44.0,41.0
2022-09-04,38.0,44.0,41.0
2022-09-05,38.0,44.0,41.0
2022-09-06,38.0,44.0,41.0
2022-09-07,38.0,44.0,41.0
2022-09-08,38.0,44.0,41.0
2022-09-09,38.0,44.0,41.0
2022-09-10,38.0,44.0,41.0
2022-09-11,38.0,44.0,41.0
2022-09-12,38.0,44.0,41.0
2022-09-13,38.0,44.0,41.0
2022-09-14,38.0,44.0,41.0
2022-09-15,38.0,44.0,41.0
2022-09-16,38.0,44.0,41.0
2022-09-17,38.0,44.0,41.0
2022-09-18,38.0,44.0,41.0
2022-09-19,38.0,44.0,41.0
2022-09-20,38.0,44.0,41.0
2022-09-21,38.0,44.0,41.0
2022-09-22,38.0,44.0,41.0
2022-09-23,38.0,44.0,41.0
2022-09-24,38.0,44.0,41.0
2022-09-25,38.0,44.0,41.0
2022-09-26,38.0,44.0,41.0
2022-09-27,38.0,44.0,41.0
2022-09-28,38.0,44.0,41.0
2022-09-29,38.0,44.0,41.0
2022-09-30,38.0,44.0,41.0
2022-10-01,38.0,44.0,41.0
2022-10-02,38.0,44.0,41.0
2022-10-03,38.0,44.0,41.0
2022-10-04,38.0,44.0,41.0
2022-10-05,38.0,44.0,41.0
2022-10-06,38.0,44.0,41.0
2022-10-07,38.0,44.0,41.0
2022-10-08,38.0,44.0,41.0
2022-10-09,38.0,44.0,41.0
2022-10-10,38.0,44.0,41.0
2022-10-11,38.0,44.0,41.0
2022-10-12,38.0,44.0,41.0
2022-10-13,38.0,44.0,41.0
2022-10-14,38.0,44.0,41.0
2022-10-15,38.0,44.0,41.0
2022-10-16,38.0,44.0,41.0
2022-10-17,38.0,44.0,41.0
2022-10-18,38.0,44.0,41.0
2022-10-19,38.0,44.0,41.0
2022-10-20,38.0,44.0,41.0
2022-10-21,38.0,44.0,41.0
2022-10-22,38.0,44.0,41.0
2022-10-23,38.0,44.0,41.0
2022-10-24,38.0,44.0,41.0
2022-10-25,38.0,44.0,41.0
2022-10-26,38.0,44.0,41.0
2022-10-27,38.0,44.0,41.0
2022-10-28,38.0,44.0,41.0
2022-10-29,38.0,44.0,41.0
2022-10-30,38.0,44.0,41.0
2022-10-31,38.0,44.0,41.0
2022-11-01,38.0,44.0,41.0
2022-11-02,38.0,44.0,41.0
2022-11-03,38.0,44.0,41.0
2022-11-04,38.0,44.0,41.0
2022-11-05,38.0,44.0,41.0
2022-11-06,38.0,44.0,41.0
2022-11-07,38.0,44.0,41.0
2022-11-08,38.0,44.0,41.0
2022-11-09,38.0,44.0,41.0
2022-11-10,38.0,44.0,41.0
2022-11-11,38.0,44.0,41.0
2022-11-12,38.0,44.0,41.0
2022-11-13,38.0,44.0,41.0
2022-11-14,38.0,44.0,41.0
2022-11-15,38.0,44.0,41.0
2022-11-16,38.0,44.0,41.0
2022-11-17,38.0,44.0,41.0
2022-11-18,38.0,44.0,41.0
2022-11-19,38.0,44.0,41.0
2022-11-20,38.0,44.0,41.0
2022-11-21,38.0,44.0,41.0
2022-11-22,38.0,44.0,41.0
2022-11-23,38.0,44.0,41.0
2022-11-24,38.0,44.0,41.0
2022-11-25,38.0,44.0,41.0
2022-11-26,38.0,44.0,41.0
2022-11-27,38.0,44.0,41.0
2022-11-28,38.0,44.0,41.0
2022-11-29,38.0,44.0,41.0
2022-11-30,38.0,44.0,41.0
2022-12-01,38.0,44.0,41.0
2022-12-02,38.0,44.0,41.0
2022-12-03,38.0,44.0,41.0
2022-12-04,38.0,44.0,41.0
2022-12-05,38.0,44.0,41.0
2022-12-06,38.0,44.0,41.0
2022-12-07,38.0,44.0,41.0
2022-12-08,38.0,44.0,41.0
2022-12-09,38.0,44.0,41.0
2022-12-10,38.0,44.0,41.0
2022-12-11,38.0,44.0,41.0
2022-12-12,38.0,44.0,41.0
2022-12-13,38.0,44.0,41.0
2022-12-14,38.0,44.0,41.0
2022-12-15,38.0,44.0,41.0
2022-12-16,38.0,44.0,41.0
2022-12-17,38.0,44.0,41.0
2022-12-18,38.0,44.0,41.0
2022-12-19,38.0,44.0,41.0
2022-12-20,38.0,44.0,41.0
2022-12-21,38.0,44.0,41.0
2022-12-22,38.0,44.0,41.0
2022-12-23,38.0,44.0,41.0
2022-12-24,38.0,44.0,41.0
2022-12-25,38.0,44.0,41.0
2022-12-26,38.0,44.0,41.0
2022-12-27,38.0,44.0,41.0
2022-12-28,38.0,44.0,41.0
2022-12-29,38.0,44.0,41.0
2022-12-30,35.0,44.0,39.5
2022-12-31,36.0,44.0,40.0
2023-01-01,37.0,44.0,40.5
2023-01-02,38.0,44.0,41.0
2023-01-03,38.0,44.0,41.0
2023-01-04,38.0,44.0,41.0
2023-01-05,38.0,44.0,41.0
2023-01-06,38.0,46.0,42.0
2023-01-07,38.0,45.333333333333336,41.66666666666667
2023-01-08,38.0,44.666666666666664,41.33333333333333
2023-01-09,38.0,44.0,41.0
2023-01-10,38.0,44.0,41.0
2023-01-11,38.0,44.0,41.0
2023-01-12,38.0,44.0,41.0
2023-01-13,38.0,44.0,41.0
2023-01-14,38.0,44.0,41.0
2023-01-15,38.0,44.0,41.0
2023-01-16,38.0,44.0,41.0
2023-01-17,38.0,44.0,41.0
2023-01-18,38.0,44.0,41.0
2023-01-19,38.0,44.0,41.0
2023-01-20,38.0,45.0,41.5
2023-01-21,38.0,44.666666666666664,41.33333333333333
2023-01-22,38.0,44.333333333333336,41.16666666666667
2023-01-23,38.0,44.0,41.0
2023-01-24,38.0,44.0,41.0
2023-01-25,38.0,50.0,44.0
2023-01-26,38.0,44.0,41.0
2023-01-27,38.0,44.0,41.0
2023-01-28,38.0,44.0,41.0
2023-01-29,38.0,44.0,41.0
2023-01-30,38.0,44.0,41.0
2023-01-31,38.0,44.0,41.0
2023-02-01,38.0,44.0,41.0
2023-02-02,38.0,44.0,41.0
2023-02-03,38.0,44.0,41.0
2023-02-04,37.75,44.0,40.875
2023-02-05,37.5,44.0,40.75
2023-02-06,37.25,44.0,40.625
2023-02-07,37.0,44.0,40.5
2023-02-08,37.0,44.0,40.5
2023-02-09,37.0,44.0,40.5
2023-02-10,37.0,44.0,40.5
2023-02-11,37.0,44.0,40.5
2023-02-12,37.0,44.0,40.5
2023-02-13,37.0,44.0,40.5
2023-02-14,37.0,45.0,41.0
2023-02-15,37.0,45.0,41.0
2023-02-16,37.0,45.0,41.0
2023-02-17,37.0,45.0,41.0
2023-02-18,37.0,44.666666666666664,40.83333333333333
2023-02-19,37.0,44.333333333333336,40.66666666666667
2023-02-20,37.0,44.0,40.5
2023-02-21,37.0,45.0,41.0
2023-02-22,37.0,45.0,41.0
2023-02-23,37.0,45.0,41.0
2023-02-24,37.0,45.0,41.0
2023-02-25,37.0,45.0,41.0
2023-02-26,37.0,45.0,41.0
2023-02-27,37.0,45.0,41.0
2023-02-28,37.0,45.0,41.0
2023-03-01,37.0,45.0,41.0
2023-03-02,37.0,45.0,41.0
2023-03-03,37.0,45.0,41.0
2023-03-04,37.333333333333336,45.666666666666664,41.5
2023-03-05,37.666666666666664,46.333333333333336,42.0
2023-03-06,38.0,47.0,42.5
2023-03-07,36.0,45.0,40.5
2023-03-08,38.0,46.0,42.0
2023-03-09,38.0,46.0,42.0
2023-03-10,38.0,46.0,42.0
2023-03-11,38.0,46.0,42.0
2023-03-12,38.0,46.0,42.0
2023-03-13,38.0,46.0,42.0
2023-03-14,38.0,46.0,42.0
2023-03-15,38.0,46.0,42.0
2023-03-16,38.0,46.0,42.0
2023-03-17,38.0,46.0,42.0
2023-03-18,38.333333333333336,46.0,42.16666666666667
2023-03-19,38.666666666666664,46.0,42.33333333333333
2023-03-20,39.0,46.0,42.5
2023-03-21,39.0,46.0,42.5
2023-03-22,38.0,46.0,42.0
2023-03-23,39.0,46.0,42.5
2023-03-24,38.0,46.0,42.0
2023-03-25,38.333333333333336,46.0,42.16666666666667
2023-03-26,38.666666666666664,46.0,42.33333333333333
2023-03-27,39.0,46.0,42.5
2023-03-28,39.0,46.0,42.5
2023-03-29,39.0,46.0,42.5
2023-03-30,39.0,46.0,42.5
2023-03-31,39.0,46.0,42.5
2023-04-01,39.0,46.0,42.5
2023-04-02,39.0,46.0,42.5
2023-04-03,39.0,46.0,42.5
2023-04-04,39.0,46.0,42.5
2023-04-05,39.0,46.0,42.5
2023-04-06,39.0,46.166666666666664,42.58333333333333
2023-04-07,39.0,46.333333333333336,42.66666666666667
2023-04-08,39.0,46.5,42.75
2023-04-09,39.0,46.666666666666664,42.83333333333333
2023-04-10,39.0,46.833333333333336,42.91666666666667
2023-04-11,39.0,47.0,43.0
2023-04-12,39.0,46.0,42.5
2023-04-13,39.0,46.0,42.5
2023-04-14,39.0,46.0,42.5
2023-04-15,39.0,46.0,42.5
2023-04-16,39.0,46.0,42.5
2023-04-17,39.0,46.0,42.5
2023-04-18,39.0,46.0,42.5
2023-04-19,39.0,46.0,42.5
2023-04-20,39.0,46.0,42.5
2023-04-21,34.0,46.0,40.0
2023-04-22,35.666666666666664,46.0,40.83333333333333
2023-04-23,37.333333333333336,46.0,41.66666666666667
2023-04-24,39.0,46.0,42.5
2023-04-25,39.0,46.0,42.5
2023-04-26,39.0,46.0,42.5
2023-04-27,39.0,46.0,42.5
2023-04-28,39.0,46.0,42.5
2023-04-29,39.0,46.333333333333336,42.66666666666667
2023-04-30,39.0,46.666666666666664,42.83333333333333
2023-05-01,39.0,47.0,43.0
2023-05-02,39.0,46.0,42.5
2023-05-03,39.0,46.0,42.5
2023-05-04,39.0,46.0,42.5
2023-05-05,39.0,46.0,42.5
2023-05-06,39.0,46.0,42.5
2023-05-07,39.0,46.0,42.5
2023-05-08,39.0,46.0,42.5
2023-05-09,39.0,46.0,42.5
2023-05-10,39.0,46.0,42.5
2023-05-11,39.0,46.0,42.5
2023-05-12,39.0,46.0,42.5
2023-05-13,39.0,46.0,42.5
2023-05-14,39.0,46.0,42.5
2023-05-15,39.0,46.0,42.5
2023-05-16,39.0,46.0,42.5
2023-05-17,39.0,46.0,42.5
2023-05-18,39.0,46.0,42.5
2023-05-19,39.0,47.0,43.0
2023-05-20,39.0,46.666666666666664,42.83333333333333
2023-05-21,39.0,46.333333333333336,42.66666666666667
2023-05-22,39.0,46.0,42.5
2023-05-23,38.0,56.0,47.0
2023-05-24,38.0,46.0,42.0
2023-05-25,39.0,46.0,42.5
2023-05-26,39.0,46.0,42.5
2023-05-27,39.0,46.0,42.5
2023-05-28,39.0,46.0,42.5
2023-05-29,39.0,46.0,42.5
2023-05-30,39.0,46.0,42.5
2023-05-31,39.0,46.0,42.5
2023-06-01,39.0,46.0,42.5
2023-06-02,38.0,46.0,42.0
2023-06-03,38.0,46.0,42.0
2023-06-04,38.0,46.0,42.0
2023-06-05,38.0,46.0,42.0
2023-06-06,38.0,46.0,42.0
2023-06-07,38.0,46.0,42.0
2023-06-08,38.0,46.0,42.0
2023-06-09,38.0,46.0,42.0
2023-06-10,38.0,46.0,42.0
2023-06-11,38.0,46.0,42.0
2023-06-12,38.0,46.0,42.0
2023-06-13,38.0,46.0,42.0
2023-06-14,38.0,46.0,42.0
2023-06-15,38.0,46.0,42.0
2023-06-16,38.0,46.0,42.0
2023-06-17,38.0,46.0,42.0
2023-06-18,38.0,46.0,42.0
2023-06-19,38.0,46.0,42.0
2023-06-20,38.0,46.0,42.0
2023-06-21,38.0,46.0,42.0
2023-06-22,38.0,46.0,42.0
2023-06-23,38.0,46.0,42.0
2023-06-24,38.0,46.0,42.0
2023-06-25,38.0,46.0,42.0
2023-06-26,38.0,46.0,42.0
2023-06-27,39.0,46.0,42.5
2023-06-28,39.0,46.0,42.5
2023-06-29,39.0,46.0,42.5
2023-06-30,39.0,46.0,42.5
2023-07-01,39.333333333333336,46.0,42.66666666666667
2023-07-02,39.666666666666664,46.0,42.83333333333333
2023-07-03,40.0,46.0,43.0
2023-07-04,40.0,46.0,43.0
2023-07-05,40.0,46.0,43.0
2023-07-06,40.0,46.0,43.0
2023-07-07,40.0,46.0,43.0
2023-07-08,40.0,46.0,43.0
2023-07-09,40.0,46.0,43.0
2023-07-10,40.0,46.0,43.0
2023-07-11,40.0,46.0,43.0
2023-07-12,40.0,46.0,43.0
2023-07-13,40.0,46.0,43.0
2023-07-14,40.0,54.0,47.0
2023-07-15,40.0,52.333333333333336,46.16666666666667
2023-07-16,40.0,50.666666666666664,45.33333333333333
2023-07-17,40.0,49.0,44.5
2023-07-18,40.0,49.0,44.5
2023-07-19,40.0,49.0,44.5
2023-07-20,40.0,49.0,44.5
2023-07-21,40.0,49.0,44.5
2023-07-22,40.0,49.0,44.5
2023-07-23,40.0,49.0,44.5
2023-07-24,40.0,49.0,44.5
2023-07-25,40.0,49.0,44.5
2023-07-26,41.0,49.0,45.0
2023-07-27,41.0,49.0,45.0
2023-07-28,41.0,49.0,45.0
2023-07-29,41.0,49.0,45.0
2023-07-30,41.0,49.0,45.0
2023-07-31,41.0,49.0,45.0
2023-08-01,41.0,49.0,45.0
2023-08-02,41.0,49.0,45.0
2023-08-03,41.0,49.0,45.0
2023-08-04,41.0,49.0,45.0
2023-08-05,40.666666666666664,49.333333333333336,45.0
2023-08-06,40.333333333333336,49.666666666666664,45.0
2023-08-07,40.0,50.0,45.0
2023-08-08,42.0,52.0,47.0
2023-08-09,42.0,52.0,47.0
2023-08-10,42.0,52.0,47.0
2023-08-11,42.0,52.0,47.0
2023-08-12,42.0,53.0,47.5
2023-08-13,42.0,52.666666666666664,47.33333333333333
2023-08-14,42.0,52.333333333333336,47.16666666666667
2023-08-15,42.0,52.0,47.0
2023-08-16,40.0,52.0,46.0
2023-08-17,40.0,57.0,48.5
2023-08-18,45.0,57.0,51.0
2023-08-19,45.333333333333336,57.0,51.16666666666667
2023-08-20,45.666666666666664,57.0,51.33333333333333
2023-08-21,46.0,57.0,51.5
2023-08-22,46.0,57.0,51.5
2023-08-23,45.0,57.0,51.0
2023-08-24,45.0,57.0,51.0
2023-08-25,43.0,56.0,49.5
2023-08-26,44.666666666666664,56.0,50.33333333333333
2023-08-27,46.333333333333336,56.0,51.16666666666667
2023-08-28,48.0,56.0,52.0
2023-08-29,48.0,56.0,52.0
2023-08-30,47.0,56.0,51.5
2023-08-31,47.0,56.0,51.5
2023-09-01,47.0,57.0,52.0
2023-09-02,47.333333333333336,56.666666666666664,52.0
2023-09-03,47.666666666666664,56.333333333333336,52.0
2023-09-04,48.0,56.0,52.0
2023-09-05,45.0,53.0,49.0
2023-09-06,45.0,55.0,50.0
2023-09-07,45.0,55.0,50.0
2023-09-08,45.0,53.5,49.25
2023-09-09,45.0,52.0,48.5
2023-09-10,45.0,50.5,47.75
2023-09-11,45.0,49.0,47.0
2023-09-12,45.0,49.0,47.0
2023-09-13,41.0,47.0,44.0
2023-09-14,45.0,48.0,46.5
2023-09-15,45.0,48.0,46.5
2023-09-16,45.0,48.333333333333336,46.66666666666667
2023-09-17,45.0,48.666666666666664,46.83333333333333
2023-09-18,45.0,49.0,47.0
2023-09-19,45.0,49.0,47.0
2023-09-20,43.0,49.0,46.0
2023-09-21,45.0,49.0,47.0
2023-09-22,44.0,49.0,46.5
2023-09-23,44.333333333333336,49.0,46.66666666666667
2023-09-24,44.666666666666664,49.0,46.83333333333333
2023-09-25,45.0,49.0,47.0
2023-09-26,45.0,49.0,47.0
2023-09-27,45.0,48.0,46.5
2023-09-28,45.0,48.0,46.5
2023-09-29,45.0,48.0,46.5
2023-09-30,45.0,48.0,46.5
2023-10-01,45.0,48.0,46.5
2023-10-02,45.0,48.0,46.5
2023-10-03,44.0,48.0,46.0
2023-10-04,44.0,48.0,46.0
2023-10-05,44.0,48.0,46.0
2023-10-06,45.0,48.0,46.5
2023-10-07,45.0,49.333333333333336,47.16666666666667
2023-10-08,45.0,50.666666666666664,47.83333333333333
2023-10-09,45.0,52.0,48.5
2023-10-10,45.0,48.0,46.5
2023-10-11,45.0,48.0,46.5
2023-10-12,45.0,48.0,46.5
2023-10-13,45.0,48.0,46.5
2023-10-14,45.0,48.0,46.5
2023-10-15,45.0,48.0,46.5
2023-10-16,45.0,48.0,46.5
2023-10-17,45.0,48.0,46.5
2023-10-18,45.0,48.0,46.5
2023-10-19,45.0,48.0,46.5
2023-10-20,45.0,48.0,46.5
2023-10-21,45.0,49.333333333333336,47.16666666666667
2023-10-22,45.0,50.666666666666664,47.83333333333333
2023-10-23,45.0,52.0,48.5
2023-10-24,45.0,52.0,48.5
2023-10-25,45.0,48.0,46.5
2023-10-26,45.0,48.0,46.5
2023-10-27,45.0,48.0,46.5
2023-10-28,45.0,50.333333333333336,47.66666666666667
2023-10-29,45.0,52.666666666666664,48.83333333333333
2023-10-30,45.0,55.0,50.0
2023-10-31,45.0,53.0,49.0
2023-11-01,45.0,53.0,49.0
2023-11-02,45.0,53.0,49.0
2023-11-03,45.0,53.0,49.0
2023-11-04,45.0,54.333333333333336,49.66666666666667
2023-11-05,45.0,55.666666666666664,50.33333333333333
2023-11-06,45.0,57.0,51.0
2023-11-07,45.0,55.0,50.0
2023-11-08,45.0,54.0,49.5
2023-11-09,45.0,54.0,49.5
2023-11-10,45.0,54.0,49.5
2023-11-11,45.0,54.0,49.5
2023-11-12,45.0,54.0,49.5
2023-11-13,45.0,54.0,49.5
2023-11-14,45.0,55.0,50.0
2023-11-15,45.0,54.0,49.5
2023-11-16,40.0,54.0,47.0
2023-11-17,40.0,54.0,47.0
2023-11-18,40.0,54.333333333333336,47.16666666666667
2023-11-19,40.0,54.666666666666664,47.33333333333333
2023-11-20,40.0,55.0,47.5
2023-11-21,40.0,55.0,47.5
2023-11-22,40.0,55.0,47.5
2023-11-23,42.0,55.0,48.5
2023-11-24,42.0,54.0,48.0
2023-11-25,42.0,54.333333333333336,48.16666666666667
2023-11-26,42.0,54.666666666666664,48.33333333333333
2023-11-27,42.0,55.0,48.5
2023-11-28,42.0,55.0,48.5
2023-11-29,45.0,54.0,49.5
2023-11-30,45.0,58.0,51.5
2023-12-01,45.0,55.0,50.0
2023-12-02,45.0,55.0,50.0
2023-12-03,45.0,55.0,50.0
2023-12-04,45.0,55.0,50.0
2023-12-05,45.0,55.0,50.0
2023-12-06,45.0,55.0,50.0
2023-12-07,45.0,57.0,51.0
2023-12-08,45.0,55.0,50.0
2023-12-09,42.5,55.0,48.75
2023-12-10,40.0,55.0,47.5
2023-12-11,45.0,55.0,50.0
2023-12-12,40.0,55.0,47.5
2023-12-13,40.0,55.0,47.5
2023-12-14,40.0,55.0,47.5
2023-12-15,40.0,55.0,47.5
2023-12-16,40.0,55.0,47.5
2023-12-17,40.0,55.0,47.5
2023-12-18,40.0,55.0,47.5
2023-12-19,40.0,56.0,48.0
2023-12-20,40.0,55.0,47.5
2023-12-21,40.0,56.0,48.0
2023-12-22,40.0,56.0,48.0
2023-12-23,40.0,56.0,48.0
2023-12-24,40.0,56.0,48.0
2023-12-25,40.0,56.0,48.0
2023-12-26,40.0,56.0,48.0
2023-12-27,40.0,56.0,48.0
2023-12-28,40.0,55.0,47.5
2023-12-29,40.0,56.0,48.0
2023-12-30,40.0,55.75,47.875
2023-12-31,40.0,55.5,47.75
2024-01-01,40.0,55.25,47.625
2024-01-02,40.0,55.0,47.5
2024-01-03,40.0,55.0,47.5
2024-01-04,40.0,55.0,47.5
2024-01-05,48.0,55.0,51.5
2024-01-06,45.333333333333336,55.0,50.16666666666667
2024-01-07,42.666666666666664,55.0,48.83333333333333
2024-01-08,40.0,55.0,47.5
2024-01-09,45.0,55.0,50.0
2024-01-10,47.0,55.0,51.0
2024-01-11,49.0,55.0,52.0
2024-01-12,49.0,55.0,52.0
2024-01-13,49.0,55.0,52.0
2024-01-14,49.0,55.0,52.0
2024-01-15,49.0,55.0,52.0
2024-01-16,49.0,55.0,52.0
2024-01-17,49.0,57.0,53.0
2024-01-18,49.0,55.0,52.0
2024-01-19,49.0,55.0,52.0
2024-01-20,49.0,55.0,52.0
2024-01-21,49.0,55.0,52.0
2024-01-22,49.0,55.0,52.0
2024-01-23,49.0,55.0,52.0
2024-01-24,44.0,55.0,49.5
2024-01-25,49.0,55.0,52.0
2024-01-26,49.0,55.0,52.0
2024-01-27,49.0,55.333333333333336,52.16666666666667
2024-01-28,49.0,55.666666666666664,52.33333333333333
2024-01-29,49.0,56.0,52.5
2024-01-30,49.0,56.0,52.5
2024-01-31,49.0,55.0,52.0
2024-02-01,49.0,55.0,52.0
2024-02-02,49.0,55.0,52.0
2024-02-03,49.0,55.0,52.0
2024-02-04,49.0,55.0,52.0
2024-02-05,49.0,55.0,52.0
2024-02-06,49.0,56.0,52.5
2024-02-07,49.0,56.0,52.5
2024-02-08,49.0,56.0,52.5
2024-02-09,49.0,56.0,52.5
2024-02-10,49.0,56.0,52.5
2024-02-11,49.0,56.0,52.5
2024-02-12,49.0,56.0,52.5
2024-02-13,49.0,56.0,52.5
2024-02-14,49.0,56.0,52.5
2024-02-15,49.0,56.0,52.5
2024-02-16,49.0,56.0,52.5
2024-02-17,47.666666666666664,56.666666666666664,52.166666666666664
2024-02-18,46.333333333333336,57.333333333333336,51.833333333333336
2024-02-19,45.0,58.0,51.5
2024-02-20,45.0,58.0,51.5
2024-02-21,50.0,57.0,53.5
2024-02-22,48.0,58.0,53.0
2024-02-23,49.0,57.0,53.0
2024-02-24,49.0,56.333333333333336,52.66666666666667
2024-02-25,49.0,55.666666666666664,52.33333333333333
2024-02-26,49.0,55.0,52.0
2024-02-27,48.0,58.0,53.0
2024-02-28,48.0,58.0,53.0
2024-02-29,48.0,55.0,51.5
2024-03-01,45.0,58.0,51.5
2024-03-02,45.0,58.0,51.5
2024-03-03,45.0,58.0,51.5
2024-03-04,45.0,58.0,51.5
2024-03-05,45.0,58.0,51.5
2024-03-06,45.0,58.0,51.5
2024-03-07,48.0,55.0,51.5
2024-03-08,48.0,55.0,51.5
2024-03-09,47.0,56.0,51.5
2024-03-10,46.0,57.0,51.5
2024-03-11,45.0,58.0,51.5
2024-03-12,45.0,58.0,51.5
2024-03-13,45.0,58.0,51.5
2024-03-14,45.0,58.0,51.5
2024-03-15,45.0,58.0,51.5
2024-03-16,46.0,58.0,52.0
2024-03-17,47.0,58.0,52.5
2024-03-18,48.0,58.0,53.0
2024-03-19,48.0,58.0,53.0
2024-03-20,49.0,58.0,53.5
2024-03-21,49.0,58.0,53.5
2024-03-22,49.0,58.0,53.5
2024-03-23,49.0,58.0,53.5
2024-03-24,49.0,58.0,53.5
2024-03-25,49.0,58.0,53.5
2024-03-26,49.0,58.0,53.5
2024-03-27,49.0,55.0,52.0
2024-03-28,49.0,55.6,52.3
2024-03-29,49.0,56.2,52.6
2024-03-30,49.0,56.8,52.9
2024-03-31,49.0,57.4,53.2
2024-04-01,49.0,58.0,53.5
2024-04-02,48.0,55.0,51.5
2024-04-03,48.0,59.0,53.5
2024-04-04,48.0,58.0,53.0
2024-04-05,48.0,58.0,53.0
2024-04-06,48.0,58.0,53.0
2024-04-07,48.0,58.0,53.0
2024-04-08,48.0,58.0,53.0
2024-04-09,48.0,57.0,52.5
2024-04-10,48.0,56.0,52.0
2024-04-11,48.0,55.0,51.5
2024-04-12,48.0,55.0,51.5
2024-04-13,48.0,55.0,51.5
2024-04-14,48.0,55.0,51.5
2024-04-15,48.0,55.0,51.5
2024-04-16,48.0,55.0,51.5
2024-04-17,48.0,55.0,51.5
2024-04-18,48.0,55.0,51.5
2024-04-19,48.0,55.0,51.5
2024-04-20,48.0,55.0,51.5
2024-04-21,48.0,55.0,51.5
2024-04-22,48.0,55.0,51.5
2024-04-23,48.0,55.0,51.5
2024-04-24,48.0,55.0,51.5
2024-04-25,48.0,55.0,51.5
2024-04-26,48.0,55.0,51.5
2024-04-27,48.0,55.0,51.5
2024-04-28,46.5,55.0,50.75
2024-04-29,45.0,55.0,50.0
2024-04-30,48.0,55.0,51.5
2024-05-01,48.0,55.0,51.5
2024-05-02,48.0,55.0,51.5
2024-05-03,48.0,55.0,51.5
2024-05-04,48.0,55.0,51.5
2024-05-05,48.0,55.0,51.5
2024-05-06,48.0,55.0,51.5
2024-05-07,48.0,55.0,51.5
2024-05-08,48.0,55.0,51.5
2024-05-09,48.0,55.0,51.5
2024-05-10,48.0,55.0,51.5
2024-05-11,48.0,55.0,51.5
2024-05-12,48.0,55.0,51.5
2024-05-13,48.0,55.0,51.5
2024-05-14,48.0,55.0,51.5
2024-05-15,48.0,55.0,51.5
2024-05-16,48.0,55.0,51.5
2024-05-17,48.0,55.0,51.5
2024-05-18,48.0,55.0,51.5
2024-05-19,48.0,55.0,51.5
2024-05-20,48.0,55.0,51.5
2024-05-21,48.0,55.0,51.5
2024-05-22,48.0,55.0,51.5
2024-05-23,48.0,55.0,51.5
2024-05-24,48.0,55.0,51.5
2024-05-25,48.0,55.0,51.5
2024-05-26,48.0,55.0,51.5
2024-05-27,48.0,55.0,51.5
2024-05-28,48.0,55.0,51.5
2024-05-29,48.0,55.0,51.5
2024-05-30,48.0,55.0,51.5
2024-05-31,48.0,55.0,51.5
2024-06-01,48.0,55.0,51.5
2024-06-02,48.0,55.0,51.5
2024-06-03,48.0,55.0,51.5
2024-06-04,48.0,55.0,51.5
2024-06-05,48.0,55.0,51.5
2024-06-06,48.0,55.0,51.5
2024-06-07,48.0,55.0,51.5
2024-06-08,48.0,55.0,51.5
2024-06-09,48.0,55.0,51.5
2024-06-10,48.0,55.0,51.5
2024-06-11,48.0,55.0,51.5
2024-06-12,48.0,55.0,51.5
2024-06-13,48.0,55.0,51.5
2024-06-14,48.0,55.0,51.5
2024-06-15,49.0,55.0,52.0
2024-06-16,48.5,55.0,51.75
2024-06-17,48.0,55.0,51.5
2024-06-18,48.0,55.0,51.5
2024-06-19,48.0,55.0,51.5
2024-06-20,48.0,55.0,51.5
2024-06-21,48.0,55.0,51.5
2024-06-22,48.0,55.0,51.5
2024-06-23,48.0,55.0,51.5
2024-06-24,48.0,55.0,51.5
2024-06-25,48.0,55.0,51.5
2024-06-26,48.0,55.0,51.5
2024-06-27,48.0,55.0,51.5
2024-06-28,48.0,55.0,51.5
2024-06-29,48.0,55.0,51.5
2024-06-30,48.0,55.0,51.5
2024-07-01,48.0,55.0,51.5
2024-07-02,48.0,55.0,51.5
2024-07-03,48.0,55.0,51.5
2024-07-04,48.0,55.0,51.5
2024-07-05,48.0,55.0,51.5
2024-07-06,48.0,55.0,51.5
2024-07-07,48.0,55.0,51.5
2024-07-08,48.0,55.0,51.5
2024-07-09,48.0,55.0,51.5
2024-07-10,48.0,55.0,51.5
2024-07-11,48.0,55.0,51.5
2024-07-12,48.0,55.0,51.5
2024-07-13,48.0,55.0,51.5
2024-07-14,48.0,55.0,51.5
2024-07-15,48.0,55.0,51.5
2024-07-16,45.0,55.0,50.0
2024-07-17,45.0,55.0,50.0
2024-07-18,45.0,55.0,50.0
2024-07-19,45.0,55.0,50.0
2024-07-20,45.0,55.0,50.0
2024-07-21,46.5,55.0,50.75
2024-07-22,48.0,55.0,51.5
2024-07-23,45.0,55.0,50.0
2024-07-24,48.0,54.0,51.0
2024-07-25,42.0,55.0,48.5
2024-07-26,45.0,55.0,50.0
2024-07-27,45.0,55.0,50.0
2024-07-28,45.0,55.0,50.0
2024-07-29,45.0,55.0,50.0
2024-07-30,45.0,55.0,50.0
2024-07-31,48.0,55.0,51.5
2024-08-01,48.0,55.0,51.5
2024-08-02,48.0,55.0,51.5
2024-08-03,47.0,55.0,51.0
2024-08-04,47.0,55.0,51.0
2024-08-05,47.0,55.0,51.0
2024-08-06,47.0,55.0,51.0
2024-08-07,47.0,55.0,51.0
2024-08-08,47.0,55.0,51.0
2024-08-09,47.0,55.0,51.0
2024-08-10,47.0,55.0,51.0
2024-08-11,47.5,55.5,51.5
2024-08-12,48.0,56.0,52.0
2024-08-13,48.0,55.0,51.5
2024-08-14,48.0,54.0,51.0
2024-08-15,45.0,54.0,49.5
2024-08-16,45.0,54.0,49.5
2024-08-17,45.0,54.0,49.5
2024-08-18,45.0,54.0,49.5
2024-08-19,45.0,54.0,49.5
2024-08-20,45.0,54.0,49.5
2024-08-21,47.0,54.0,50.5
2024-08-22,47.0,55.0,51.0
2024-08-23,47.0,55.0,51.0
2024-08-24,48.0,55.0,51.5
2024-08-25,46.5,54.5,50.5
2024-08-26,45.0,54.0,49.5
2024-08-27,47.0,55.0,51.0
2024-08-28,48.0,55.0,51.5
2024-08-29,47.0,55.0,51.0
2024-08-30,47.0,55.0,51.0
2024-08-31,47.0,55.0,51.0
2024-09-01,47.0,54.5,50.75
2024-09-02,47.0,54.0,50.5
2024-09-03,48.0,55.0,51.5
2024-09-04,47.0,55.0,51.0
2024-09-05,47.0,55.0,51.0
2024-09-06,47.0,55.0,51.0
2024-09-07,47.0,55.0,51.0
2024-09-08,47.0,55.0,51.0
2024-09-09,47.0,55.0,51.0
2024-09-10,47.0,55.0,51.0
2024-09-11,47.0,55.0,51.0
2024-09-12,47.0,55.0,51.0
2024-09-13,47.0,55.0,51.0
2024-09-14,47.0,55.0,51.0
2024-09-15,47.0,55.0,51.0
2024-09-16,47.0,55.0,51.0
2024-09-17,46.0,55.0,50.5
2024-09-18,47.0,55.0,51.0
2024-09-19,47.0,55.0,51.0
2024-09-20,47.0,55.0,51.0
2024-09-21,47.0,55.0,51.0
2024-09-22,47.0,55.0,51.0
2024-09-23,47.0,55.0,51.0
2024-09-24,47.0,55.0,51.0
2024-09-25,47.0,55.0,51.0
2024-09-26,47.0,55.0,51.0
2024-09-27,47.0,55.0,51.0
2024-09-28,47.0,54.0,50.5
2024-09-29,47.0,54.5,50.75
2024-09-30,47.0,55.0,51.0
2024-10-01,47.0,54.0,50.5
2024-10-02,46.0,55.0,50.5
2024-10-03,47.0,55.0,51.0
2024-10-04,45.0,54.0,49.5
2024-10-05,47.0,55.0,51.0
2024-10-06,47.0,54.5,50.75
2024-10-07,47.0,54.0,50.5
2024-10-08,45.0,55.0,50.0
2024-10-09,45.0,55.0,50.0
2024-10-10,44.0,55.0,49.5
2024-10-11,44.0,55.0,49.5
2024-10-12,44.0,54.0,49.0
2024-10-13,44.0,54.0,49.0
2024-10-14,44.0,54.0,49.0
2024-10-15,43.0,54.0,48.5
2024-10-16,43.0,54.0,48.5
2024-10-17,43.0,54.0,48.5
2024-10-18,43.0,55.0,49.0
2024-10-19,44.0,55.0,49.5
2024-10-20,44.0,54.5,49.25
2024-10-21,44.0,54.0,49.0
2024-10-22,43.0,54.0,48.5
2024-10-23,43.0,54.0,48.5
2024-10-24,44.0,54.0,49.0
2024-10-25,45.0,53.0,49.0
2024-10-26,43.0,54.0,48.5
2024-10-27,43.0,54.0,48.5
2024-10-28,43.0,54.0,48.5
2024-10-29,43.0,54.0,48.5
2024-10-30,43.0,54.0,48.5
2024-10-31,43.0,54.0,48.5
2024-11-01,43.5,53.5,48.5
2024-11-02,44.0,53.0,48.5
2024-11-03,43.0,53.5,48.25
2024-11-04,42.0,54.0,48.0
2024-11-05,42.0,54.0,48.0
2024-11-06,44.0,54.0,49.0
2024-11-07,44.0,54.0,49.0
2024-11-08,45.0,53.0,49.0
2024-11-09,44.0,53.0,48.5
2024-11-10,43.0,53.0,48.0
2024-11-11,42.0,53.0,47.5
2024-11-12,42.0,53.0,47.5
2024-11-13,42.0,53.0,47.5
2024-11-14,42.0,53.0,47.5
2024-11-15,42.0,53.0,47.5
2024-11-16,42.0,53.0,47.5
2024-11-17,42.0,53.0,47.5
2024-11-18,42.0,53.0,47.5
2024-11-19,42.0,53.0,47.5
2024-11-20,42.0,53.0,47.5
2024-11-21,42.0,53.0,47.5
2024-11-22,42.0,53.0,47.5
2024-11-23,42.0,53.0,47.5
2024-11-24,42.0,53.0,47.5
2024-11-25,42.0,53.0,47.5
2024-11-26,44.0,53.0,48.5
2024-11-27,42.0,53.0,47.5
2024-11-28,42.0,53.0,47.5
2024-11-29,42.0,53.0,47.5
2024-11-30,42.0,53.0,47.5
2024-12-01,42.0,53.0,47.5
2024-12-02,42.0,53.0,47.5
2024-12-03,42.0,52.0,47.0
2024-12-04,40.0,52.0,46.0
2024-12-05,42.0,52.0,47.0
2024-12-06,42.0,52.0,47.0
2024-12-07,42.0,52.0,47.0
2024-12-08,41.0,52.0,46.5
2024-12-09,40.0,52.0,46.0
2024-12-10,40.0,52.0,46.0
2024-12-11,40.0,52.0,46.0
2024-12-12,40.0,52.0,46.0
2024-12-13,40.0,53.0,46.5
2024-12-14,40.0,52.0,46.0
2024-12-15,40.0,52.5,46.25
2024-12-16,40.0,53.0,46.5
2024-12-17,40.0,52.0,46.0
2024-12-18,40.0,52.0,46.0
2024-12-19,40.0,52.0,46.0
2024-12-20,40.0,52.0,46.0
2024-12-21,40.0,52.0,46.0
2024-12-22,40.0,52.0,46.0
2024-12-23,40.0,52.0,46.0
2024-12-24,40.0,52.0,46.0
2024-12-25,40.0,52.0,46.0
2024-12-26,40.0,52.0,46.0
2024-12-27,40.0,52.0,46.0
2024-12-28,40.0,52.0,46.0
2024-12-29,40.0,52.0,46.0
2024-12-30,40.0,52.0,46.0
2024-12-31,40.0,52.0,46.0
2025-01-01,40.0,52.0,46.0
2025-01-02,40.0,52.0,46.0
2025-01-03,40.0,52.0,46.0
2025-01-04,40.0,52.0,46.0
2025-01-05,40.0,52.0,46.0
2025-01-06,40.0,52.0,46.0
2025-01-07,40.0,52.0,46.0
2025-01-08,40.0,52.0,46.0
2025-01-09,40.0,52.0,46.0
2025-01-10,40.0,52.0,46.0
2025-01-11,40.0,52.0,46.0
2025-01-12,40.0,52.5,46.25
2025-01-13,40.0,53.0,46.5
2025-01-14,40.0,53.0,46.5
2025-01-15,40.0,53.0,46.5
2025-01-16,40.0,52.0,46.0
2025-01-17,40.0,54.0,47.0
2025-01-18,40.0,54.0,47.0
2025-01-19,40.0,54.0,47.0
2025-01-20,40.0,54.0,47.0
2025-01-21,40.0,55.0,47.5
2025-01-22,40.0,55.0,47.5
2025-01-23,40.0,55.0,47.5
2025-01-24,40.0,55.0,47.5
2025-01-25,40.0,55.0,47.5
2025-01-26,40.0,55.0,47.5
2025-01-27,40.0,55.0,47.5
2025-01-28,40.0,55.0,47.5
2025-01-29,40.0,55.0,47.5
2025-01-30,40.0,55.0,47.5
2025-01-31,40.0,55.0,47.5
2025-02-01,40.0,55.0,47.5
2025-02-02,39.0,55.0,47.0
2025-02-03,38.0,55.0,46.5
2025-02-04,38.0,55.0,46.5
2025-02-05,38.0,55.0,46.5
2025-02-06,38.0,55.0,46.5
2025-02-07,38.0,55.0,46.5
2025-02-08,38.0,53.0,45.5
2025-02-09,38.0,53.0,45.5
2025-02-10,38.0,53.0,45.5
2025-02-11,38.0,53.0,45.5
2025-02-12,38.0,53.0,45.5
2025-02-13,38.0,54.0,46.0
2025-02-14,38.0,54.0,46.0
2025-02-15,38.0,54.0,46.0
2025-02-16,36.5,54.0,45.25
2025-02-17,35.0,54.0,44.5
2025-02-18,35.0,54.0,44.5
2025-02-19,35.0,54.0,44.5
2025-02-20,35.0,54.0,44.5
2025-02-21,35.0,54.0,44.5
2025-02-22,35.0,53.0,44.0
2025-02-23,36.5,53.0,44.75
2025-02-24,38.0,53.0,45.5
2025-02-25,38.0,54.0,46.0
2025-02-26,38.0,54.0,46.0
2025-02-27,38.0,54.0,46.0
2025-02-28,38.0,54.0,46.0
2025-03-01,38.0,54.0,46.0
2025-03-02,38.0,54.0,46.0
2025-03-03,38.0,54.0,46.0
2025-03-04,38.0,54.0,46.0
2025-03-05,38.0,54.0,46.0
2025-03-06,38.0,54.0,46.0
2025-03-07,38.0,54.0,46.0
2025-03-08,38.0,54.0,46.0
2025-03-09,39.0,54.0,46.5
2025-03-10,40.0,54.0,47.0
2025-03-11,38.0,54.0,46.0
2025-03-12,38.0,54.0,46.0
2025-03-13,40.0,54.0,47.0
2025-03-14,38.0,54.0,46.0
2025-03-15,38.0,54.0,46.0
2025-03-16,38.0,54.0,46.0
2025-03-17,38.0,54.0,46.0
2025-03-18,38.0,54.0,46.0
2025-03-19,38.0,54.0,46.0
2025-03-20,38.0,54.0,46.0
2025-03-21,38.0,54.0,46.0
2025-03-22,38.0,54.0,46.0
2025-03-23,40.0,53.0,46.5
2025-03-24,42.0,52.0,47.0
2025-03-25,38.0,54.0,46.0
2025-03-26,38.0,54.0,46.0
2025-03-27,40.0,54.0,47.0
2025-03-28,38.0,54.0,46.0
2025-03-29,38.0,54.0,46.0
2025-03-30,38.0,54.0,46.0
2025-03-31,38.0,54.0,46.0
2025-04-01,38.0,54.0,46.0
2025-04-02,38.0,54.0,46.0
2025-04-03,38.0,54.0,46.0
2025-04-04,38.0,54.0,46.0
2025-04-05,38.0,54.0,46.0
2025-04-06,38.0,54.0,46.0
2025-04-07,38.0,54.0,46.0
2025-04-08,38.0,54.0,46.0
2025-04-09,38.0,54.0,46.0
2025-04-10,38.0,54.0,46.0
2025-04-11,38.0,54.0,46.0
2025-04-12,38.0,54.0,46.0
2025-04-13,38.0,54.0,46.0
2025-04-14,38.0,54.0,46.0
2025-04-15,38.0,54.0,46.0
2025-04-16,38.0,54.0,46.0
2025-04-17,38.0,54.0,46.0
2025-04-18,38.0,54.0,46.0
2025-04-19,38.0,54.0,46.0
2025-04-20,38.0,54.0,46.0
2025-04-21,38.0,54.0,46.0
2025-04-22,38.0,54.0,46.0
2025-04-23,37.0,54.0,45.5
2025-04-24,37.0,54.0,45.5
2025-04-25,37.0,54.0,45.5
2025-04-26,38.0,54.0,46.0
2025-04-27,38.0,54.0,46.0
2025-04-28,38.0,54.0,46.0
2025-04-29,37.0,54.0,45.5
2025-04-30,37.5,54.0,45.75
2025-05-01,38.0,54.0,46.0
2025-05-02,37.0,54.0,45.5
2025-05-03,37.0,54.0,45.5
2025-05-04,37.0,54.0,45.5
2025-05-05,37.0,54.0,45.5
2025-05-06,37.0,54.0,45.5
2025-05-07,37.0,54.0,45.5
2025-05-08,38.0,54.0,46.0
2025-05-09,37.0,54.0,45.5
2025-05-10,37.0,54.0,45.5
2025-05-11,37.0,54.0,45.5
2025-05-12,37.0,54.0,45.5
2025-05-13,37.0,54.0,45.5
2025-05-14,37.0,54.0,45.5
2025-05-15,37.0,54.0,45.5
2025-05-16,37.0,54.0,45.5
2025-05-17,37.0,54.0,45.5
2025-05-18,37.5,53.5,45.5
2025-05-19,38.0,53.0,45.5
2025-05-20,37.0,53.0,45.0
2025-05-21,38.0,53.0,45.5
2025-05-22,38.0,53.0,45.5
2025-05-23,38.0,53.0,45.5
2025-05-24,38.0,53.0,45.5
2025-05-25,38.0,53.0,45.5
2025-05-26,38.0,53.0,45.5
2025-05-27,38.0,53.0,45.5
2025-05-28,38.0,53.0,45.5
2025-05-29,38.0,53.0,45.5
2025-05-30,38.0,53.0,45.5
2025-05-31,38.0,53.0,45.5
2025-06-01,38.0,53.0,45.5
2025-06-02,38.0,53.0,45.5
2025-06-03,38.0,53.0,45.5
2025-06-04,38.0,53.0,45.5
2025-06-05,38.0,53.0,45.5
2025-06-06,38.0,53.0,45.5
2025-06-07,38.0,52.0,45.0
2025-06-08,38.0,52.5,45.25
2025-06-09,38.0,53.0,45.5
2025-06-10,38.0,53.0,45.5
2025-06-11,38.0,53.0,45.5
2025-06-12,38.0,53.0,45.5
2025-06-13,38.0,57.0,47.5
2025-06-14,38.0,57.0,47.5
2025-06-15,38.0,55.0,46.5
2025-06-16,38.0,53.0,45.5
2025-06-17,38.0,57.0,47.5
2025-06-18,38.0,57.0,47.5
2025-06-19,38.0,52.0,45.0
2025-06-20,38.0,57.0,47.5
2025-06-21,38.0,52.0,45.0
2025-06-22,37.5,52.0,44.75
2025-06-23,37.0,52.0,44.5
2025-06-24,37.0,57.0,47.0
2025-06-25,37.0,57.0,47.0
2025-06-26,37.0,57.0,47.0
2025-06-27,37.0,57.0,47.0
2025-06-28,37.0,57.0,47.0
2025-06-29,37.0,57.0,47.0
2025-06-30,37.0,57.0,47.0
2025-07-01,37.0,52.0,44.5
2025-07-02,37.0,57.0,47.0
2025-07-03,37.0,57.0,47.0
2025-07-04,37.0,52.0,44.5
2025-07-05,37.0,52.0,44.5
2025-07-06,37.0,54.5,45.75
2025-07-07,37.0,57.0,47.0
2025-07-08,37.0,57.0,47.0
2025-07-09,37.0,57.0,47.0
2025-07-10,37.0,57.0,47.0
2025-07-11,37.0,57.0,47.0
2025-07-12,37.0,57.0,47.0
2025-07-13,37.0,57.0,47.0
2025-07-14,37.0,57.0,47.0
2025-07-15,37.0,57.0,47.0
2025-07-16,38.0,57.0,47.5
2025-07-17,38.0,57.0,47.5
2025-07-18,38.0,57.0,47.5
2025-07-19,38.0,57.0,47.5
2025-07-20,38.0,57.0,47.5
2025-07-21,38.0,57.0,47.5
2025-07-22,38.0,57.0,47.5
2025-07-23,38.0,57.0,47.5
2025-07-24,36.0,57.0,46.5
2025-07-25,36.0,57.0,46.5
2025-07-26,37.0,57.0,47.0
2025-07-27,37.0,57.0,47.0
2025-07-28,37.0,57.0,47.0
2025-07-29,37.0,57.0,47.0
2025-07-30,37.0,57.0,47.0
2025-07-31,37.0,57.0,47.0
2025-08-01,37.0,57.0,47.0
2025-08-02,37.0,57.0,47.0
2025-08-03,37.0,57.0,47.0
2025-08-04,37.0,57.0,47.0
2025-08-05,37.0,57.0,47.0
2025-08-06,37.0,57.0,47.0
2025-08-07,37.0,57.0,47.0
2025-08-08,37.0,57.0,47.0
2025-08-09,37.0,57.0,47.0
2025-08-10,37.0,57.0,47.0
2025-08-11,37.0,57.0,47.0
2025-08-12,37.0,57.0,47.0
2025-08-13,37.0,57.0,47.0
2025-08-14,37.0,57.0,47.0
2025-08-15,37.0,57.0,47.0
2025-08-16,37.0,57.0,47.0
2025-08-17,37.5,57.0,47.25
2025-08-18,38.0,57.0,47.5
2025-08-19,38.0,57.0,47.5
2025-08-20,38.0,57.0,47.5
2025-08-21,38.0,57.0,47.5
2025-08-22,38.0,57.0,47.5
2025-08-23,38.0,57.0,47.5
2025-08-24,36.5,57.0,46.75
2025-08-25,35.0,57.0,46.0
2025-08-26,38.0,57.0,47.5
2025-08-27,38.0,57.0,47.5
2025-08-28,38.0,57.0,47.5
2025-08-29,38.0,57.0,47.5
2025-08-30,38.0,52.0,45.0
2025-08-31,37.5,54.5,46.0
2025-09-01,37.0,57.0,47.0
2025-09-02,37.0,57.0,47.0
2025-09-03,37.0,57.0,47.0
2025-09-04,37.0,57.0,47.0
2025-09-05,37.0,57.0,47.0
2025-09-06,37.0,57.0,47.0
2025-09-07,37.5,57.0,47.25
2025-09-08,38.0,57.0,47.5
2025-09-09,38.0,57.0,47.5
2025-09-10,38.0,57.0,47.5
2025-09-11,38.0,57.0,47.5
2025-09-12,38.0,57.0,47.5
2025-09-13,38.0,57.0,47.5
2025-09-14,38.0,57.0,47.5
2025-09-15,38.0,57.0,47.5
2025-09-16,38.0,57.0,47.5
2025-09-17,38.0,57.0,47.5
2025-09-18,38.0,57.0,47.5
2025-09-19,38.0,57.0,47.5
2025-09-20,38.0,57.0,47.5
2025-09-21,38.0,54.5,46.25
2025-09-22,38.0,52.0,45.0
2025-09-23,38.0,57.0,47.5
2025-09-24,38.0,57.0,47.5
2025-09-25,38.0,57.0,47.5
2025-09-26,40.0,52.0,46.0
2025-09-27,38.0,57.0,47.5
2025-09-28,38.0,57.0,47.5
2025-09-29,38.0,57.0,47.5
2025-09-30,38.0,57.0,47.5
2025-10-01,38.0,57.0,47.5
2025-10-02,38.0,57.0,47.5
2025-10-03,38.0,57.0,47.5
2025-10-04,38.0,57.0,47.5
2025-10-05,38.0,54.5,46.25
2025-10-06,38.0,52.0,45.0
2025-10-07,36.0,57.0,46.5
2025-10-08,35.0,57.0,46.0
2025-10-09,35.0,57.0,46.0
2025-10-10,35.0,57.0,46.0
2025-10-11,36.0,57.0,46.5
2025-10-12,35.5,57.0,46.25
2025-10-13,35.0,57.0,46.0
2025-10-14,35.0,57.0,46.0
2025-10-15,35.0,52.0,43.5
2025-10-16,35.0,52.0,43.5
2025-10-17,35.0,52.0,43.5
2025-10-18,35.0,51.0,43.0
2025-10-19,35.0,51.0,43.0
2025-10-20,35.0,51.0,43.0
2025-10-21,35.0,51.0,43.0
2025-10-22,35.0,51.0,43.0
2025-10-23,35.0,51.0,43.0
2025-10-24,35.0,51.0,43.0
2025-10-25,35.0,51.0,43.0
2025-10-26,35.0,51.0,43.0
2025-10-27,35.0,51.0,43.0
2025-10-28,35.0,50.0,42.5
2025-10-29,35.0,50.0,42.5
2025-10-30,35.0,50.0,42.5
2025-10-31,35.0,50.0,42.5
2025-11-01,35.0,50.0,42.5
2025-11-02,35.0,50.0,42.5
2025-11-03,35.0,50.0,42.5
2025-11-04,43.0,58.0,50.5
2025-11-05,43.0,55.0,49.0
2025-11-06,43.0,55.0,49.0
2025-11-07,35.0,50.0,42.5
2025-11-08,35.0,50.0,42.5
2025-11-09,35.0,51.0,43.0
2025-11-10,35.0,52.0,43.5
2025-11-11,35.0,50.0,42.5
2025-11-12,35.0,52.0,43.5
2025-11-13,35.0,50.0,42.5
2025-11-14,35.0,52.0,43.5
2025-11-15,35.0,52.0,43.5
2025-11-16,35.0,52.0,43.5
2025-11-17,35.0,52.0,43.5
2025-11-18,38.0,52.0,45.0
2025-11-19,38.0,52.0,45.0
2025-11-20,38.0,52.0,45.0
2025-11-21,38.0,52.0,45.0
2025-11-22,38.0,52.0,45.0
2025-11-23,38.0,52.0,45.0
2025-11-24,38.0,52.0,45.0
2025-11-25,38.0,52.0,45.0
2025-11-26,38.0,52.0,45.0
2025-11-27,38.0,52.0,45.0
2025-11-28,38.0,52.0,45.0
2025-11-29,38.0,52.0,45.0
2025-11-30,38.0,53.0,45.5
2025-12-01,38.0,54.0,46.0
2025-12-02,38.0,54.0,46.0
2025-12-03,38.0,54.0,46.0
2025-12-04,38.0,54.0,46.0
2025-12-05,38.0,54.0,46.0
2025-12-06,38.0,54.0,46.0
2025-12-07,38.0,54.0,46.0
2025-12-08,38.0,54.0,46.0
2025-12-09,38.0,54.0,46.0
2025-12-10,38.0,54.0,46.0
2025-12-11,38.0,54.0,46.0
2025-12-12,38.0,54.0,46.0
2025-12-13,38.0,54.0,46.0
2025-12-14,38.0,54.0,46.0
2025-12-15,38.0,54.0,46.0
2025-12-16,38.0,54.0,46.0
2025-12-17,38.0,54.0,46.0
2025-12-18,37.0,54.0,45.5
2025-12-19,37.0,54.0,45.5
2025-12-20,37.0,54.0,45.5
2025-12-21,37.0,54.0,45.5
2025-12-22,37.0,54.0,45.5
2025-12-23,37.0,54.0,45.5
2025-12-24,37.0,54.0,45.5
2025-12-25,37.0,54.0,45.5
2025-12-26,37.0,54.0,45.5
2025-12-27,37.0,54.0,45.5
2025-12-28,37.0,54.0,45.5
2025-12-29,37.0,54.0,45.5
2025-12-30,37.0,54.0,45.5
2025-12-31,37.0,54.0,45.5
2026-01-01,37.0,54.0,45.5
2026-01-02,37.0,54.0,45.5
2026-01-03,37.0,54.0,45.5
2026-01-04,37.0,54.0,45.5
2026-01-05,37.0,54.0,45.5
2026-01-06,37.0,54.0,45.5
2026-01-07,37.0,54.0,45.5
2026-01-08,37.0,54.0,45.5
2026-01-09,37.0,54.0,45.5
2026-01-10,37.0,54.0,45.5
2026-01-11,37.0,54.0,45.5
2026-01-12,37.0,54.0,45.5
2026-01-13,37.0,54.0,45.5
2026-01-14,37.0,54.0,45.5
2026-01-15,38.0,54.0,46.0
2026-01-16,38.0,54.0,46.0
2026-01-17,38.0,54.0,46.0
2026-01-18,38.0,54.0,46.0
2026-01-19,38.0,54.0,46.0
2026-01-20,38.0,54.0,46.0
2026-01-21,38.0,54.0,46.0
2026-01-22,38.0,54.0,46.0
2026-01-23,38.0,52.0,45.0
2026-01-24,38.0,52.0,45.0
2026-01-25,39.0,52.0,45.5
2026-01-26,40.0,52.0,46.0
2026-01-27,40.0,52.0,46.0
2026-01-28,40.0,52.0,46.0
2026-01-29,40.0,52.0,46.0
2026-01-30,40.0,54.0,47.0
2026-01-31,40.0,54.0,47.0
2026-02-01,40.0,54.0,47.0
2026-02-02,40.0,54.0,47.0
2026-02-03,40.0,54.0,47.0
2026-02-04,40.0,54.0,47.0
2026-02-05,40.0,54.0,47.0
2026-02-06,40.0,54.0,47.0
2026-02-07,40.0,54.0,47.0
2026-02-08,40.0,54.0,47.0
2026-02-09,40.0,54.0,47.0
2026-02-10,40.0,54.0,47.0
2026-02-11,40.0,54.0,47.0
2026-02-12,40.0,54.0,47.0
2026-02-13,40.0,54.0,47.0
2026-02-14,40.0,54.0,47.0
2026-02-15,40.0,54.0,47.0
2026-02-16,40.0,54.0,47.0
2026-02-17,40.0,54.0,47.0
2026-02-18,40.0,54.0,47.0
2026-02-19,40.0,54.0,47.0
2026-02-20,40.0,54.0,47.0
2026-02-21,40.0,54.0,47.0
2026-02-22,40.0,54.0,47.0
2026-02-23,40.0,54.0,47.0
2026-02-24,40.0,54.0,47.0
2026-02-25,40.0,54.0,47.0
2026-02-26,40.0,54.0,47.0
2026-02-27,40.0,54.0,47.0
2026-02-28,40.0,54.0,47.0
2026-03-01,40.0,54.5,47.25
2026-03-02,40.0,55.0,47.5
2026-03-03,40.0,55.0,47.5
2026-03-04,40.0,54.0,47.0
2026-03-05,40.0,55.0,47.5
2026-03-06,40.0,55.0,47.5
2026-03-07,40.0,55.0,47.5
2026-03-08,40.0,55.0,47.5
2026-03-09,40.0,55.0,47.5
2026-03-10,40.0,55.0,47.5
2026-03-11,40.0,55.0,47.5
2026-03-12,40.0,55.0,47.5
2026-03-13,40.0,57.0,48.5
2026-03-14,40.0,57.0,48.5
2026-03-15,40.0,57.0,48.5
2026-03-16,40.0,57.0,48.5
2026-03-17,40.0,57.0,48.5
2026-03-18,40.0,57.0,48.5
2026-03-19,40.0,57.0,48.5
2026-03-20,40.0,58.0,49.0
2026-03-21,40.0,58.0,49.0
2026-03-22,40.0,58.0,49.0
2026-03-23,40.0,58.0,49.0
2026-03-24,40.0,58.0,49.0
2026-03-25,40.0,58.0,49.0
2026-03-26,40.0,58.0,49.0
2026-03-27,40.0,58.0,49.0
2026-03-28,40.0,57.0,48.5
2026-03-29,40.0,56.5,48.25
2026-03-30,40.0,56.0,48.0
2026-03-31,40.0,57.0,48.5
2026-04-01,40.0,57.0,48.5
2026-04-02,40.0,56.0,48.0
2026-04-03,40.0,56.0,48.0
2026-04-04,40.0,56.0,48.0
2026-04-05,40.0,56.0,48.0
2026-04-06,40.0,56.0,48.0
2026-04-07,40.0,57.0,48.5
2026-04-08,40.0,56.0,48.0
2026-04-09,40.0,56.0,48.0
2026-04-10,40.0,57.0,48.5
2026-04-11,40.0,56.0,48.0
2026-04-12,42.5,56.0,49.25
2026-04-13,45.0,56.0,50.5
2026-04-14,40.0,58.0,49.0
2026-04-15,40.0,58.0,49.0
2026-04-16,40.0,58.0,49.0
2026-04-17,40.0,58.0,49.0
2026-04-18,40.0,58.0,49.0
2026-04-19,40.0,58.0,49.0
2026-04-20,40.0,58.0,49.0
2026-04-21,40.0,58.0,49.0
2026-04-22,40.0,58.0,49.0
2026-04-23,40.0,58.0,49.0
2026-04-24,40.0,58.0,49.0
2026-04-25,40.0,58.0,49.0
2026-04-26,42.5,57.0,49.75
2026-04-27,45.0,56.0,50.5
2026-04-28,45.0,56.0,50.5
2026-04-29,45.0,56.0,50.5
2026-04-30,45.0,56.0,50.5
